id,url
1,https://storage.googleapis.com/sentimentanalysis-7ba59.firebasestorage.app/Women/IMG_5397.PNG?GoogleAccessId=firebase-adminsdk-8wait%40sentimentanalysis-7ba59.iam.gserviceaccount.com&Expires=16730303400&Signature=exOfPGarJwaBRgqhbpK94ThNcfbQ2uRz9JZ%2FkVary8NxqDqR00K5feaEs93YcGHTS2jsKbh6CuwYq0%2BBhWoL5TlkgaO5ccoSj8GRVL0YM2jOdHFNrDnB1wTxu1RfIgLC8AHAcOfakHSTDtfJ4Df1ze5efV0udBDVBDqofD%2BxpwfwQCsox7FOSI3YDxwyypnsWKRQP4X%2FUo4VO%2BZEFjF9eNqyHpLUgd1ZOyv89LJIpd1zZdCmkE7uXII7NY0xTAo%2F0gYfczcT3%2BHeG6a6kNnH8p2HdPCs9cevCoyxKLpk9JjtJdGlV4XAw%2BIOD5yHdOKV7wSQu1PnbrjQKR255qqIJg%3D%3D
2,https://storage.googleapis.com/sentimentanalysis-7ba59.firebasestorage.app/Women/IMG_5398.PNG?GoogleAccessId=firebase-adminsdk-8wait%40sentimentanalysis-7ba59.iam.gserviceaccount.com&Expires=16730303400&Signature=ovEfDFw50NEqLgIAonvhPeUcdTOoik9dQ4YQR5pj0FmffcafQd5uszcQIHy26HT7xqCve7rfYqx3Q0amgT13%2BCCHr2VKOQ01t5IpnBsubXvEpF2XF9%2FKgJ1G196W2O%2BRVEtL64hUIBs%2BwcUsEiTUJxYCyJe%2BGUK2HeWQi9nJFJnhWv0pLf%2BcOYMM9rQytKtw9%2BKABsX1bnMD%2BSEi%2B9ak4Eul7JHt4Vs6iwTP0KT7oo6%2BQxpw53Yfdu0A%2FRxn5Az9%2F9OmVrY5VS0MO9dKZNVBeAEwDykTvTM1wtfrvnBTBTHl7XroIixGXTGSL%2FafxtKa6smyNmrZ6Gk9lj7GydVOSA%3D%3D
3,https://storage.googleapis.com/sentimentanalysis-7ba59.firebasestorage.app/Women/IMG_5399.PNG?GoogleAccessId=firebase-adminsdk-8wait%40sentimentanalysis-7ba59.iam.gserviceaccount.com&Expires=16730303400&Signature=kUcLmeyHfujOhUEMjMf5wFsemu2kwb9mpv726mq5Enu%2B6qlMoyIs8xuPu%2FeYNcpnn7alVVnhkz5ZOcP%2BysdPZNVdcoXJooDLBkMpY7nRM7qptW3n5wKO51FWzmBprOV89DZ2FfT9XXjYRXVicErXNgkf1kNfLB%2BRpyzSIah6VoU%2BzvPJVprU9ImMrkAa%2Bwbr50KWN%2BofFLizWSce2I4p2fWG5iv0vRY69Yo00Qm4WlBLBvde%2BcPZeOpoXZH4EP8C2Z1UE1I8vvLagz8G5nsilOBx4bLCyJjlztdT6vplspEealXhDMBjaQ%2ByLc99a85VyF1tjRxSp7a50P%2BuP0gtsg%3D%3D
4,https://storage.googleapis.com/sentimentanalysis-7ba59.firebasestorage.app/Women/IMG_20241020_002055.jpg?GoogleAccessId=firebase-adminsdk-8wait%40sentimentanalysis-7ba59.iam.gserviceaccount.com&Expires=16730303400&Signature=KDHFjv4wr6FuID5xKQ8UdIZcQ9t4FF987CVBVHfS6Qq3OoJF%2FdusHaELkJozoU3bbXuEq%2FfJFEzGDFh%2Fz6ljwVibRIdcAIbLi%2Fb1AzQmeOUZIVTifdzKq4iHZNgcc3iQWC%2FGLaB9K9UBQj39T9brc7q0%2Bv2LLIcGnmzEyCl5w8DV71D1jcriEmsQRbLpl8QVyMXGdShKsk68ESSdyKra%2BfwbVJbO5o9CQ8%2BFbJVfQbA3RMbLFqS3EGVDAREQKKgKKK30B%2BVl0bz9U6RWekbSTwX%2FxCJ%2FstosTLFc0Uhf3VVaZ%2F0a5notxdZHFvAJQbTMv0E3et4lp%2BVx5pOFycSIkw%3D%3D
5,https://storage.googleapis.com/sentimentanalysis-7ba59.firebasestorage.app/Women/IMG_5409.PNG?GoogleAccessId=firebase-adminsdk-8wait%40sentimentanalysis-7ba59.iam.gserviceaccount.com&Expires=16730303400&Signature=FtGfS1IuTM2FbcyReQMfzTVITo%2BI%2BxtvjnKT1QiGOOOKTz91ChkzNBiM1oiv7AQWNHdQ4mPQGfSAQypye09J47b3%2FLzYIsFVTUAnGV%2F2XrQOIzJwENfva%2FAggOCibfl%2BHv8hVBAvfxYv6oLlCrkSs0CwLAv48Ahq%2FZYlR7M674zHgBwIYgAmeZn2aGlUVZeyU3rIllF2UL3f8111EmIZ3AiZm8Wd0a%2FbEVRJ7AK5fDPZsQRQ6gMtIieFntNXdr1t79nJDfB%2BIQczlBjhN1d7fHsU2ExXvL%2BwtbNnSzZ2O9lcwT6O27CKZgJlkzgm9ESzzmwSh3qU3RKxXdcn0w0vmQ%3D%3D
6,https://storage.googleapis.com/sentimentanalysis-7ba59.firebasestorage.app/Women/IMG_5457.PNG?GoogleAccessId=firebase-adminsdk-8wait%40sentimentanalysis-7ba59.iam.gserviceaccount.com&Expires=16730303400&Signature=Hm8SW2yP0xEkA4tCHnMbstjRehsKgQGqzyJgtpMCDSE%2FnDYA%2FFAYB5p%2BqialMKhv6P38XJ9z7CnICkTZZNP4g8ZjWJumpIob6wGVyHS5MM%2BJcP9%2F5%2FzcvCcBjFls5XyKYGG73EA%2FYwjlQo%2FMACZ2xnR8PsyK%2FGltyPnWi1Kmie8Cqco7K7CBxPA%2BV7trNp0H7nf40mDYPdGKVSBZKNyDPMZOW3czXRRJZzJ%2BXfrxHgREp%2BmCI4U2ou%2BW%2BIMey6UEewnlRFxOVfMWzc0mtXizb9U5NI29zcJmPX%2BuUifo3wp9jYinaIeMAruqjyYEV86zcAAMIwZcCgYA31jtELcZVQ%3D%3D
7,https://storage.googleapis.com/sentimentanalysis-7ba59.firebasestorage.app/Women/IMG_5455.PNG?GoogleAccessId=firebase-adminsdk-8wait%40sentimentanalysis-7ba59.iam.gserviceaccount.com&Expires=16730303400&Signature=DFNjDAQMoJJDCvc3bzFwW6UtXjGn%2BeeIuPBcI588GA%2Fpx5BRufnaNY8kOv3uk9624c0%2BPiPxnG3ztsQIL2T9lfOygmnkCThwckpWOKW7t6zBBeXWSFjtkT8oDDnAlQ6KzFrNBI0nK44%2FQHupK97KrsS0kORC8H8sMgTU3W949XCcIQDgjUNUjphqf0Gp6D%2F2XFEgf4qxjEFUro2HrfSOgYp6X7nPYcW4E0jjDucQR2E1bLitNfEd5L%2F%2BPyz88AWI2AlBhHh1x5anr5MuIWmeD6ZA8sfla6dELU30Y%2BoHhfBXTtxUSSeQim5DjaN%2FFWvEhlviIgpa43EYHo3t9Zc%2F7g%3D%3D
8,https://storage.googleapis.com/sentimentanalysis-7ba59.firebasestorage.app/Women/IMG_5458.PNG?GoogleAccessId=firebase-adminsdk-8wait%40sentimentanalysis-7ba59.iam.gserviceaccount.com&Expires=16730303400&Signature=ddGsXbBjpB5r81XKgvA1%2F3eiWQyhuJmCHgSM4F2feFQP6cNHluNsU6sDj%2Fw6NC7fuk9P2Crf8FSJa3mku8WOQTDsbsWyiU%2BfQyFMZQxRMKJ%2B6f9q1rvq9qNbD%2B0wgHDQdBkQVMmhJ%2B4YDssvAOc2JYv3sROLVAglETju5YcdGYf6DYLXUfA9YCGa%2FzIEQ%2By9c%2FBGGkWs5lbiapBxtxDMllDqxGwAxEGubSJPh0RSwi4ks408U%2BNPousijt5w7j6aEFVnKKy1JmRrmoMtu8tt84YCXEL6WjeIrleCOFozvFFxe9%2BGXlkOo0Y%2FgijmafLeVGUCeLcadUP2FTKNDxFhkw%3D%3D
9,https://storage.googleapis.com/sentimentanalysis-7ba59.firebasestorage.app/Women/pic5.png?GoogleAccessId=firebase-adminsdk-8wait%40sentimentanalysis-7ba59.iam.gserviceaccount.com&Expires=16730303400&Signature=D6eUBX1hzbQSc%2BedUsTgvdg3wer3Hzo5mEu7%2FJAPWAailMAZYvpA0Sqxwpr47aHzvGGcUBoxnVYG6adRcHufY3xQW5vZighWpYvqvq1NNosklzfmmPwDcQPzMTs3f0TNc3PBkLrZPxkhjwc335OukALHGMOeREYV2N%2FnRgNYLmKfvTXZY3VO6L8BE4Oz2lyUhzH3qUg%2BGpLtLkIGWd0do0lg7Z4byuLuezYTnbYUOZJsUNxaQccCnEyJ7oEAG%2B%2F76T0WdC4VvPeaCw5ZvTz36OQzZQGQktnCmYz35nX3jvCDVtmmt6fB3rC2N9nhSTkn6iQVfC8JsH926mrMaqvjNw%3D%3D
10,https://storage.googleapis.com/sentimentanalysis-7ba59.firebasestorage.app/Women/pic4.png?GoogleAccessId=firebase-adminsdk-8wait%40sentimentanalysis-7ba59.iam.gserviceaccount.com&Expires=16730303400&Signature=fmoArmp2ciKZuVlhuSb0Z9azPlOF5y1JpEoMtPZLqvub9Kpw90eElsfY4vXgLV6iWoduaQzetzr%2BV0lmHdRCKrcakj0IM03tLBg5NfNdis8M7yFxpQ4PXA7eHcuQsuCvTCO9yUVJCtmTqdpMNwxE9dmjAdcvR9LdVsN0M%2FsNaa%2BqrSpkbc%2F1o9fW12HYY6CyEdTRnQYifG0hFHFPPokXduKNVoYkBzwBWNiOKI1cnqBO0QvbeMFhgG408KddgyfcZ09jk1szUfcdPqi5wYI6JNp%2BYrXfId4qJr5%2BQqm8AWCtaOHFQ%2FeMnM2sHUxAu5%2BEvjakzAAH0x8bWz6s6%2FksDA%3D%3D
11,https://storage.googleapis.com/sentimentanalysis-7ba59.firebasestorage.app/Women/pic6.png?GoogleAccessId=firebase-adminsdk-8wait%40sentimentanalysis-7ba59.iam.gserviceaccount.com&Expires=16730303400&Signature=pG%2BdeXqlLzOz4qpi0w%2FeHH3FEnVsILFp8d5Lyr2J%2Bw%2BkuTmi%2FI9H1K798tOFqXbz2gL%2FRRUf7xB4hhmZolQ3kJmj8%2FmKE24eiXifAGKjkyq6m%2BqGkSVC2YJ1O0y65AlOsCD4TiSvoKA4GetJadFsqSEtOapI0YwAtuZpAgSpfeCxpe8M0IxBGexVyu4NhDSmmz8LD3lcpWhYucXpJDH3rVD%2FbMd2hVNLzpe64ArTn8ot6IkHzAdFinhu1HzpsVgC2yIijuTzYBFOo0Hp4cV%2BrDgOpqPCJjy7RjWEDfJN3NUUKzcAvPoa%2B444taBWS9EvG6DU83YgQpbR2y9vYJxhVA%3D%3D
12,https://storage.googleapis.com/sentimentanalysis-7ba59.firebasestorage.app/Women/IMG_5460.PNG?GoogleAccessId=firebase-adminsdk-8wait%40sentimentanalysis-7ba59.iam.gserviceaccount.com&Expires=16730303400&Signature=WsOWhrF532b9znHtK1gPLAn4HWJFYcgn8ct9pVnqFyi9iQqHsPEJTazJdgO0DqxzCKoZmxwTX2ItRVyxmKgIxOJyCgSQOI%2BAJhDHa3moUAk7581M3%2FLX9sMExpGxY0LqFKPafeSFKZFe1MH2%2FMRO8go2HgC7rFPOlRo1gLN3qyRHDFIG%2FPOatQMVjykEPQGmplyi3ipT0D9gGgfI8OzPXDn2sGIMUOaSVgITMSv1L1KT8TJfyYf9jOtSpWQ7u0Ez6Lui0CKW9jzT6fI%2BeIcjbd14BIZuCNyAubmYJ6dO81TAG3qo8jdSBtLIcfU4bq20q311cKVjewLLyLqI0NDcrg%3D%3D
13,https://storage.googleapis.com/sentimentanalysis-7ba59.firebasestorage.app/Women/IMG_5459.PNG?GoogleAccessId=firebase-adminsdk-8wait%40sentimentanalysis-7ba59.iam.gserviceaccount.com&Expires=16730303400&Signature=NdjpR9KuDm3HbG9R0kTjM8rEz7NKFwlPdTNrdczRe50z3Qt9X%2FHg8Ul38yoZOf1a3OVEmt5mbe1ev%2BOosWf03BRMm8tErYE%2FNuH0GeHTaHXXpkLElm5N5Zy1AXmEXrlHSdHgde88QpH%2BSnp4UGK3BofAEuc7euXPrf8HbnLuaEPgW56ma7azUqswyA1ZcgyFps3IMkRqWgzZSf5clZPa6FPS9BECuxUBZmqzpOKngnBD%2BBCPmaIHcAQN8gPgI6XQiz7WHmFV0F6HGUD6s65uEmJ7a1irDbloOihQJme1piuvm%2B1uBJNeCR9iB1WBYxdz5SIxqPMAcfi9AN5PUBJgzQ%3D%3D
14,https://storage.googleapis.com/sentimentanalysis-7ba59.firebasestorage.app/Women/IMG_5454.PNG?GoogleAccessId=firebase-adminsdk-8wait%40sentimentanalysis-7ba59.iam.gserviceaccount.com&Expires=16730303400&Signature=KBNLDiaUH4MWj2y6agtQpwajA0MzXzkQazgQv30Jux94VZdf8D2cTYbKC%2FZQ2%2Ff9fJgpMQJB7D6EpQwjBridXrJC6DcGtYGJxzg3ZSv7B7cIIKNndGwkG%2BP9yZLyyRvRM0%2BiLEPLHLNljtk7eNYWcu0eKKgAIc6bT%2FAr%2BvHmHpcGLS%2F%2FJ5obLjtnEVM%2BciPoAqN7uKlY7F3XUPh2sK3xlP1LXKpk%2BrW%2FgzjfQYDGlL8qKn%2F1xAhDSKkUrknDgXNNuCr%2FWHBA6dfRL0slfHhVIPS%2FiKZgVHpUvgLPKIsDXQb4zGmOXsK950cGMleti3%2Fxk3yUp4qJ2TVcjwHP2p%2FZ3g%3D%3D
15,https://storage.googleapis.com/sentimentanalysis-7ba59.firebasestorage.app/Women/IMG_20241020_002044.jpg?GoogleAccessId=firebase-adminsdk-8wait%40sentimentanalysis-7ba59.iam.gserviceaccount.com&Expires=16730303400&Signature=e9xgvnLIe3LR5%2BAtg%2BdnMV9HtsXFV%2BwBs%2FAdz3X1jH1Y7Ie0JO0hO06klZaM05gGe7pDn9vbiKCVZFju3wrmNfH%2B%2FNhhrHbdzc28SqdLmve8t1ceyFXTIwzrui%2BA3mOnBGA5ibgz9ou6Ri7hZRCkwpwRoA%2FrT%2FGeW9wc847evPMTauAYTwPnxnXhIboC2RMc3HrZPEdOg%2FmgpXzspzebZs4XbWMG4xjlXt4rKGdTWbPhMKJGkwgqKEab2lPpCmJCneEicfiXS%2B%2BvYq%2BONViHbhGAjW6ces5foGsSg8%2F3QF8Ki7%2BrWdOGEzAwM7xbbbnay2%2FPZ5D21To1dmiAYx6WNg%3D%3D
16,https://storage.googleapis.com/sentimentanalysis-7ba59.firebasestorage.app/Women/IMG_20241020_002104.jpg?GoogleAccessId=firebase-adminsdk-8wait%40sentimentanalysis-7ba59.iam.gserviceaccount.com&Expires=16730303400&Signature=MnbuPXE70orvBFoGbEccj22ffCHUJcVgYbU9bNp3HMOt7evo3XBJ3dk%2FuCMuKOMYgcSPBJbErdglEWriGLKX3Obh8JJw9NP%2BD20vzjI2IJd9fVJKW%2BL2GOhOqikPOrO5NsR3r9NdYuVFY7TtvXc%2BfHvdhAzIUxExMULUyYnm8oqAWgp83%2BDvZT%2FiAf4AfV5XrJ7Uq4XH8SY8DVRAw%2BVJ3F8YRVD07KL9jRSuGIKGqyA2Bb5OgBrHLe%2BYJ1GH75AWzHBTh8qI4w8ZpLAbUa1WUMiQjA0Gpmp79b50DHW71mL%2F4gUb5o4pc1mOEuxy%2BGI2mH6S7YEKEdMDWgcS5GTpUQ%3D%3D
17,https://storage.googleapis.com/sentimentanalysis-7ba59.firebasestorage.app/Women/IMG_20241020_002115.jpg?GoogleAccessId=firebase-adminsdk-8wait%40sentimentanalysis-7ba59.iam.gserviceaccount.com&Expires=16730303400&Signature=tk23nCjPjVwi8LpAhfW5G95PuGU%2Fr7fFIC0uKAgcV8O7hOQ8lpN8bym18TWv5gvs%2F0%2BneGdRMd%2FnnIRWWsAkA8K8rboLWNN9tEt6Wof5dB2xDwWJOAjNPDz8PmueJKe9i7%2BCSt18ylUrUwkSj44%2B55dZj1NRCz3z1TMWHEHXjtS9XyDL2vggNYLA%2BzY9Q4u9b2X5X9X%2BKaxhvIuV%2BGzdEOoV2QNQKQMPTdLl47s3o%2BhDl4reqXm0Edhqq3syhnPN6CUMlVOkAnWYGJPmCd1oMhOzbeD0BoVwKVb0lcyxewwwWPQKk%2BQXr%2FIp0ErNSZpXGc%2BfB%2BsmQ1uCUxbMyFHZGw%3D%3D
18,https://storage.googleapis.com/sentimentanalysis-7ba59.firebasestorage.app/Women/IMG_20241020_002127.jpg?GoogleAccessId=firebase-adminsdk-8wait%40sentimentanalysis-7ba59.iam.gserviceaccount.com&Expires=16730303400&Signature=nuNJXhjvY7UvWXELBKFdTGk0S9h4GHZGBVFk%2B%2B2vGaNu9MOtes%2B3%2Brnv%2BDQbUeo%2B2QG%2FYY1IH6oLnWxw6XBsMkD3Fbyf3w6Oq5S6Wf6pYtF7RCphOiSMsZtgk4RuhzQ5Fkg%2Fh%2FD4Mb5%2BBhS8sHXvIG9C4Jjl5LfYR9KlAnCj4IL2ai%2FNFOVrF4nJSdSOEsqU2zdC8StwGgwrsq8EMlqHDt%2FkjMxut65RkyskmgES7QszF3XLNQOzyjs2%2FWOaSIinHcM1lX%2F3xLLoLQh%2B9BKGdPRXW8h4tDloA%2FoCBAiS5l5AHVYGhONU6UBqNXwHrVaU3Bf4P0Cv7Pnc4eE08GELXg%3D%3D
19,https://storage.googleapis.com/sentimentanalysis-7ba59.firebasestorage.app/Women/IMG_20241020_002139.jpg?GoogleAccessId=firebase-adminsdk-8wait%40sentimentanalysis-7ba59.iam.gserviceaccount.com&Expires=16730303400&Signature=CGlc2qwb0SVifxTF24HKIh0EJI9ytzujOjGmX6Hpsq3bUE2EBwq9tOyaI4j4VmPJkARdg1LPXywAAOs3pxHP4XapJwzOjPUSP2o1SI3XU7gwV%2FeA31o1ErQoOd8sebvwW2X0PAU0EIVIjJLEqi34wndFU%2Fhwr1ad3vqiThl%2FbLowfuGXsXpPfdtl3yGEf2mvmVOjb5pfCBU%2BhUqc9JRTqwIAYRBJYIbw7Ta6YUmAQoY6vAbGk32bRpssBXYmsX3xCWXFNwefsDjqeI4Bd2zumTBSdwH2gpdJG3TRlPCmgxfA1DozA1H9X7nRFobOAdiglaqWJy2%2B%2BsREFvdHeVlUtQ%3D%3D
20,https://storage.googleapis.com/sentimentanalysis-7ba59.firebasestorage.app/Women/IMG_20241020_002206.jpg?GoogleAccessId=firebase-adminsdk-8wait%40sentimentanalysis-7ba59.iam.gserviceaccount.com&Expires=16730303400&Signature=Z0vm9tNGLV5PeGAiO5ZUy1lnT6l6tnXO6aKY6h%2B%2F6mvl1%2Bthwz4%2FS%2FtSoVx8LFtbLIehaX1sR4RvwXvS2mNj6pnp0zA9Qley6RM366wZ%2BdcPUM3b1SWmGukXJnlvEttpeoT2%2BjnxMFmkH14dwIk7f9DsRbSAx%2BLG4bj5p0fEZpjKUhH%2FEzW248gjNOnkWYgB%2BHMW0fzKv48Wpd1PxEvJ%2BPZTd%2FK%2BkzvpTOv%2FibgwjeXfliIAv%2Baj9DT27QpPypMkk6z98CvJ2%2FqleuKzkDtNa4b4xtltyo5yj1g3O7V%2FeKdmiRZlONO%2FZItlVGyORPyiYzx7eCkv7xn6LzGkkHWbHQ%3D%3D
21,https://storage.googleapis.com/sentimentanalysis-7ba59.firebasestorage.app/Women/IMG_20241020_002215.jpg?GoogleAccessId=firebase-adminsdk-8wait%40sentimentanalysis-7ba59.iam.gserviceaccount.com&Expires=16730303400&Signature=kZ0R4Dpu5RSefiM21mq8Z7a1lusseCRqS7xUelrpl7E6BtHmEBbd3%2FYhr86ZHT0CNlRkKo1op%2FfETfEZSXJ2koxkfyF44ge1dyX0ltQjb%2FxspFokr71VBjZvMEBk%2Fpidzrmkvglsx9Y0ll%2BZh153v4stsjva44CmyENWjifipCC%2BZ6lh5nGrrxdesAUNVHdqA%2Fh6NE4y10xwmjnCqttNPBfSPfeUHWyldVA0P5WuGDhR%2B3qOaEKE4fYW37cTskaVfcyI8Df9dsV2CqEXB46P9dLns6yL38jHODV9C21x9gO93oDo0iPGDKrPr5UNGrUmYsNnjm2mlcfB%2F3iArf1f6A%3D%3D
22,https://storage.googleapis.com/sentimentanalysis-7ba59.firebasestorage.app/Women/IMG_20241020_002224.jpg?GoogleAccessId=firebase-adminsdk-8wait%40sentimentanalysis-7ba59.iam.gserviceaccount.com&Expires=16730303400&Signature=UYYxjevpOurHdaZFUvI51G%2FfJVSJKBM5Rhl66ujph%2BPvHtdVmXk%2BB9yLiDokEyB5Xz1fOqjDhM2VIiCJc4flqNVT5N6Frip5UmS1u62726jbqj1Ybvwn8VxoG4ERKzyxoRzqLTc9IajFYALtW0I1c6FxjPAiapf3XzTP08%2BPYOytNpAuFSJ%2BWP3TNCS1fQTJgHjGPVFJW6rf5Ue0DN8exGNIlXyoCLlvqU3W4hBXMOgaIsPIgQtuaePieAV%2FhMWfiPYkIKkZz82J3Pux7wOVjvOgirfJV9wZ0sZIfN4A1lUhgRjXRmBysgJJSQEquAwpefLMScvg5NkU38LIbsEkWQ%3D%3D
23,https://storage.googleapis.com/sentimentanalysis-7ba59.firebasestorage.app/Women/IMG_20241020_002234.jpg?GoogleAccessId=firebase-adminsdk-8wait%40sentimentanalysis-7ba59.iam.gserviceaccount.com&Expires=16730303400&Signature=bXJ9WWZAjVgpIjzhxIrbAcstb70OB5BVRjfcxruQ%2FP%2B19ciZOTGD6UCIYlO3pczIkkysSRm13GnENyhffscbzyAnyAO80md5zu%2F8hd6POxAICZCp7hX3UmJskyScuF%2B9YFXc2lqkZR1LkFzs6gNmTD0OQnQouCdFUiMy%2FOg2kz0FhhKZel4z2O4gNG6dBhl4FfGo04Zp3lLQ1PL9n6URZMiSzaTtnq0157fCZUNWBf9lOIpXAubfr31eL2M6DlkbEG19plqhUWz4Hezornbf8Px6A623b8a99XTvHMcz0hDFi7kjSm1b0jK%2Fj2pCa6SA96iopTBURmT%2FctFivbxbtA%3D%3D
24,https://storage.googleapis.com/sentimentanalysis-7ba59.firebasestorage.app/Women/IMG_20241020_002241.jpg?GoogleAccessId=firebase-adminsdk-8wait%40sentimentanalysis-7ba59.iam.gserviceaccount.com&Expires=16730303400&Signature=G40KaUyb2S6bkLXd664xTDAMKmv4RmhhskUvVWrZgBIQKmyCU8yx3wQty6jYagR9ikqnqeTRPcNKu78mfD%2Fo0a4Sn4L2VGRDHLmIX1O4mkkvm%2FKDCSV4wE7M5wcOwonUAEVgQN%2Ffjf%2BqugbAlmGXBVuhuAJc%2BL5DU6dtNzId5HpRez%2FXruMqOauZROJ1BXhoDNNc9%2Fo976ZTgd3Suh91FcyCUXHXErSlkpOrIvmJMhfyEFC3fpUR9sEhhuYeNIVoItBmGo7vthUnaEPaum80iuw%2FTiZCZPYGzz3%2FYTlLUw2vIC%2F%2BUxEtzIWVmkUTpD%2FNtzWXgCD5pqFMgrK1aHJ2gg%3D%3D
25,https://storage.googleapis.com/sentimentanalysis-7ba59.firebasestorage.app/Women/IMG_20241020_002249.jpg?GoogleAccessId=firebase-adminsdk-8wait%40sentimentanalysis-7ba59.iam.gserviceaccount.com&Expires=16730303400&Signature=WoyfWMGbmzFNqIP0m6N5CLVwFkYsG%2FH7Fbt%2BpJxYzyT1dRXfmz%2BhbOWs8uc5iYFbvuA2up2Cd%2BD01Of5LEGRpi%2B8WU%2BfOjsPenEZ6%2Bc35Pb4bY%2BZI30uYxi9kRALYNB%2BoWaI8JItbOMlYsyH%2FyEuOhVVc1pi0LllWWM%2FZldrNd%2BT%2FNR4oZ37JPxaiOez4V8Rqz9sPjLqFJCkgSn7%2BBRNr83y9NoKhpxNOBP9LyI4q9lWaZZfm6ocOAcmUZMLDh9oAejs8go3xzhVOS6bw98BzN3ZTnzAm55%2BqMyl8V4JS8NjJ7jOXT5tSOOLFhJGDNENXKK3WCBM%2FZ1kDiizuMrHzQ%3D%3D
26,https://storage.googleapis.com/sentimentanalysis-7ba59.firebasestorage.app/Women/IMG_20241020_002316.jpg?GoogleAccessId=firebase-adminsdk-8wait%40sentimentanalysis-7ba59.iam.gserviceaccount.com&Expires=16730303400&Signature=nDIrUqgHrfHjSp6JEuP1TVZf8bGvBxu9LV8L8ry55pjHzL%2F60XpnkrD5s3rcvvGV3%2BhgS3BP50DZusxG7K%2BpZzZl5zD2LcAU45O1x%2FAvNP1L1ybAOO6Gs0d0UmeZuGRDmXOvNVgJDm%2Buw38ZbriGqoNlw3RwM%2F3fv5QCYFCm8j1K4UU6%2BDWRv%2FGNNvT9ZtLU0WcdpmOTOW7GtlsgA0oYUE3TYX6I9NpsJF2EwUx9IY1y0YpIOxkhfB9VUEOsXxv%2BoMi10zayiAJTYrWciTdlRW5bHHgL%2Bmvd2oMFMjG2eqzy9vbH3rW7%2BHBCceE3qPaV8UkEqG5x1OFNbwi2SNU1jQ%3D%3D
27,https://storage.googleapis.com/sentimentanalysis-7ba59.firebasestorage.app/Women/IMG_20241020_002304.jpg?GoogleAccessId=firebase-adminsdk-8wait%40sentimentanalysis-7ba59.iam.gserviceaccount.com&Expires=16730303400&Signature=EGoqzVoyuHUn4XzFgkegY%2F9mLJjrpsqW5qLhTtn3CpjI70i%2FDx%2FUozym2foGoTWI8ullccsUMjCI7yFyl1idweAIh5AXdkAkXixJD3B%2BQ%2FPIo1rEgNvnxF2%2FP4W%2FqP4EHSsSjcpwwE2iUNFeiqQzWQdp5rIC0IPLCkYFksDXS%2BHu98xuQhPqz0mP6fkiWpQAQLs9RpuTa30CjacWwxOu5iJ8%2FCVVEVrVjv4p7PSVEsp3LIxKNkKYyM7hGNFr4%2BPJf%2F5GCS1%2FOARpC6BwPsVxXRFdTKGdPfo5gvwV%2BewsY58RL31u4%2FVFg6SuG5%2BtORcCJu585FCJgBkTmzA%2BtFvTPg%3D%3D
28,https://storage.googleapis.com/sentimentanalysis-7ba59.firebasestorage.app/Women/IMG_20241020_002256.jpg?GoogleAccessId=firebase-adminsdk-8wait%40sentimentanalysis-7ba59.iam.gserviceaccount.com&Expires=16730303400&Signature=kAapPzPfzQ%2FBH7NEs%2FnuueDU1czX8sAvXajApv2Sm821TysA7%2F%2Fe6twGvOCwdNzsQIwq%2Bf%2BaQ%2Fq%2FdqebGCfqFeBCWXH8rz6Gb4eWRFULmkX1tJqxWuEwuANNFSGj43lzazsAOQ7hQwJVpwBIujj%2Fv0X%2Ff17mglfPVGCn13PBcsYHyvBDD%2B95spaS7ZGPu53NRJZXWeH6r8qglo2tdl2fGkxnSF8mlbUFeCP7tEzx8AFBm%2Bo%2FbgDqX89nt4MsoteV836zreHXQ6vj0vDbkyBcCrv%2BXZk4PaDMzuRe0z%2B67QrqFyvXLuEmOCnGA5zV%2FdvUHCBeYv7Gs1qNgqmxga7mKA%3D%3D
29,https://storage.googleapis.com/sentimentanalysis-7ba59.firebasestorage.app/Women/IMG_20241020_002323.jpg?GoogleAccessId=firebase-adminsdk-8wait%40sentimentanalysis-7ba59.iam.gserviceaccount.com&Expires=16730303400&Signature=L87qbzt5JgVY0XyLLedpvzsy%2B6yXyDmfU2l6UM6%2FOfgLKQ2aTpT3sNOMCH17Pck5NAReCiFbQGraD%2BHXVkdaCq2HnbbQ6rLZHeWiNnXHW2hMw7t01ntiDY%2B%2FkkaGNT%2FfO9VNJj81GiOi%2BjHuuuL%2FnMS6cfzReiWR9voHbrEBJM1%2FxasJVP1nsneFl6NCeZ%2BXqezuUPmdK7z2pjzsrRvh8E6c%2BQf4AZb2B%2FYnZr9fXrqwNUdIvK3i2DbqpK5nFU%2F3WslZmo3Coe4pvhIaqne17JNLOKyJcd7g8P3yeonxBENynKeM50Ka%2FkjScaa%2BGBdcP4r71Mu6eatvk3nNjxx7eA%3D%3D
30,https://storage.googleapis.com/sentimentanalysis-7ba59.firebasestorage.app/Women/IMG_20241020_002333.jpg?GoogleAccessId=firebase-adminsdk-8wait%40sentimentanalysis-7ba59.iam.gserviceaccount.com&Expires=16730303400&Signature=sAlTosLgLngUi43n%2Fluc5bJtllg1M5ju%2FaPgnUQd2%2BoWFbvby1dbziP0x2naS8BVEhz%2Bhak85o7jHMZ4BeLI5WYxLPEO3fLEYfk64A1q2UqJ288c1zKbz1UjpdBFO%2BaKbuAmj22h9ASeykHscStDqN603ze8LTRGnJYjkb9MmZ5CNZIHrqiiukf%2FqxmAqRQtqzEFhLTNtNc2w7IqPc2SPyYaaT78C82x2pfkOE6bwKad29yT7nSSx7iO3medPtMlD4fW2CMslMBraXEVWAq%2F%2FikBXmWluvQad7ySMetyODNyvQ9Oc4TmKDGtvbBxFY5jhuNEYwfMip1nVtGQTvofWg%3D%3D
31,https://storage.googleapis.com/sentimentanalysis-7ba59.firebasestorage.app/Women/IMG_20241020_002341.jpg?GoogleAccessId=firebase-adminsdk-8wait%40sentimentanalysis-7ba59.iam.gserviceaccount.com&Expires=16730303400&Signature=bEs5Cs8ASU3c%2FMoEnZhBcgIA7k%2BivP1JReWYRW3huN11diit2sabO4rabvjjB3sUmChN1ptm%2FSxPIKJKjKuNAL3JhURD0q1pjUj27CCLe9i7fA8myaqHjFcTscjkyIrgULSsr8DzqLt9dbiWLXNA%2BvgzO40%2BFMHhTB%2BgHokQkA1jy330COdgTkzczxckiBqwboML3n2iKhGbODXwq6LS4CEhI7oHeCc171IQqV%2F6%2Bb28QvaS9Gj2jSAG1IR3pXeiuALLbApTfFKXHZb0%2FMqODAJD2g%2BiixzMOcXORDTkoqdGepiey6%2F2AwlbVHG7dBSYWc%2F9H3E4%2Fa8TtQSjvne5lw%3D%3D
32,https://storage.googleapis.com/sentimentanalysis-7ba59.firebasestorage.app/Women/IMG_20241020_002349.jpg?GoogleAccessId=firebase-adminsdk-8wait%40sentimentanalysis-7ba59.iam.gserviceaccount.com&Expires=16730303400&Signature=XgX%2F5SWtU9CvIaiu4u86l4onFmgjnjKtg0kRxLnc3HxIuTG6Slps7eW7HtorXEZHww%2FyY7be3H%2FDDJejgvnFrFyIsCqtnvjJVurJjvC1ye%2FQt9Vrvycli86Rpm%2Fw%2Fn6F63QM9FYpX5%2Bhqes8yeAUGNxkjyue6jUbqPnZ9MB0K1PgZFYBzZiS%2Fq2mOkrUfAM5DNaDQ2AVpDOVgSxPrBp77w5EIqzVnWDzPM6yre4zQq3PCPVKYcQ2busuDiCEnUOTO1AwowfXWQkm1h1wjUuL1i9Z8JKVWriy3vfJVvcKaePp3wMG87W4eX14BBClMsO8jwpf1Wt8oVoUJqm8VBOEmw%3D%3D
33,https://storage.googleapis.com/sentimentanalysis-7ba59.firebasestorage.app/Women/IMG_20241020_002357.jpg?GoogleAccessId=firebase-adminsdk-8wait%40sentimentanalysis-7ba59.iam.gserviceaccount.com&Expires=16730303400&Signature=E1PDrQGHos4qW214POR1cgiLz8ajAC1wS%2FGMYoasnX3ufvF1JPjz2rfuHoyHLUkJU%2B4wGdZi3gs7YuTlH3%2FKHNtfCB%2BN2hxoaMVZLDeoEEf8JSHE0H1KAmTy9l79wxbxWE7FJiFp47gONwVqoLi4DBrqYNDpeHirtI8phVgwdjld%2BaRNBc4BMGX9G77qfXwCQO5RzwLsTWpuE5zbfFAmS3PSogZSj%2B4CRm47wEZ4YZpsGFjgBhnJYBpfAgJKXSYVfANIDzz7sUP5nYlx%2BpI9DfI7ti4Tk6hRwO%2B08tnw6TwrS3DWTgb6ppM3K%2FJcfU%2B85DMTqhb4BC6uh43EUtQiLw%3D%3D
34,https://storage.googleapis.com/sentimentanalysis-7ba59.firebasestorage.app/Women/IMG_20241020_002405.jpg?GoogleAccessId=firebase-adminsdk-8wait%40sentimentanalysis-7ba59.iam.gserviceaccount.com&Expires=16730303400&Signature=t7MRp%2BJ7AdT7T3jJb0glxztdSul6u2DvKSvA%2Bo6SbKfEhfQAA%2FeusfmdPlKPe2gnOomVGOtwAGNAkxFM%2FRbaYLhwXicWhY2PhrdDUUt3hQicLDnSshBiBdcU138NxlqFCLZ313C%2B01sDwD6tenqa%2B4j8qS9N8T9OvWHg4D6E7N7xmm7zwpd4e7OfVwpMfwQZP6kvsy463GiK5wg%2Bl3XYwscfGJ8ZLsxwlci2VcMFp43FBFQFZ2wsruV1G2fupKDQ%2FqTbu3Q877tZijwmAF%2FvylJBvp%2F6vYUaI9ZvvHpHJKUNErCKtOC31KDfA9uk8rz7fqxGP5a9ROuz6egmxO%2BYbg%3D%3D
35,https://storage.googleapis.com/sentimentanalysis-7ba59.firebasestorage.app/Women/IMG_20241020_002414.jpg?GoogleAccessId=firebase-adminsdk-8wait%40sentimentanalysis-7ba59.iam.gserviceaccount.com&Expires=16730303400&Signature=LzZnFKWpxXaDo%2BGtdE9EdO%2FgptRJ7ybnZa%2Bohos%2Bb2pgV4mcGgESGg%2FmnWnW66T1lnnDd%2BTrwt2Dtg0wQUal6557skZ%2BJLhw%2Bgk94IBJqd3Wp96GZf9t7JL1PPcOW0z58%2BMwZ9072ItWcVXUBd5%2BN8ZVSGZlYropxHRH8WIedZ%2FrmK7DZ5qE8JytW5cMADyLJsvCqVnx0T7so%2B3ifuhTyO0SnLmbTE3O5k7B1NQW5oSVJZTy7Z6YSwYbJPtxNyev4iL7ySsOSePM8pfAEu27s%2FvTkN2y53IU0uazrWdRFGXHQ7ZMcO7alFIqO4QgXomB6egOsCfhAJcuFFXABmFHcA%3D%3D
36,https://storage.googleapis.com/sentimentanalysis-7ba59.firebasestorage.app/Women/IMG_20241020_002429.jpg?GoogleAccessId=firebase-adminsdk-8wait%40sentimentanalysis-7ba59.iam.gserviceaccount.com&Expires=16730303400&Signature=EZsbBom3JpnqaZ7GyIg%2FGdz3%2BuTHP1rnUAmloxyPr4DUlU1mIlnwTJCnWExzrV9yFkqUlv77AEaoneehfV4Q3tWB0%2Fh6Xx317Qug5B2DpI57fSC%2FmevD%2BNrQg7KGcV9h48Qkrc%2BHc2rx6lgDslLpqRkKP1Mop720e3Del1IVZiaIPk8JRaSPPUjvhneVhiLUNfLq3UAHC%2B4qh%2FXEWWZPhuG1xoBBa9BSnGLd62MeQLPSfeH%2BzF9lz1lRK6DpDhRB6hrBUfV9HRg02SRytJxECz0ab9IwPBljfW%2FwKKwNnXe%2Fz4qb3UvJdsFoqMOausAqOravqhNeawd3zKbttu7aVg%3D%3D
37,https://storage.googleapis.com/sentimentanalysis-7ba59.firebasestorage.app/Women/IMG_20241020_002436.jpg?GoogleAccessId=firebase-adminsdk-8wait%40sentimentanalysis-7ba59.iam.gserviceaccount.com&Expires=16730303400&Signature=sKUKrz3qWAq4oh3NsjR4m5%2FHoE3Md29UZcsTm3oPi3SjplCxem%2FT2tOpWhy2n3%2Bz%2FEjYHjpuBlMqaSOmppwbc6mNbubypxvy6tIu6LgQW2S5CL0Ci1Vejes7OdcAZ2puptEngHA18yY3DTYdD4l6DuT9JH%2BYH3W2T5IbHM6HHZM5LJX3eRszxC1OhtAVjGJ3DLadbcYH142sdLSy%2FeU4Y9%2FxSBAcUdH6%2BfxlRB7sFtNKvzu5s1QMFZdveVfQM3hg9l6%2BvSAC2%2BDHl2JDXjW2%2BlX5DKa5B%2F9DX6%2BvK9D%2FLn5MY4DXN7LWlY33D%2Ba5U5U7Vi2L1aWgxoiahtgT1OCPgg%3D%3D
38,https://storage.googleapis.com/sentimentanalysis-7ba59.firebasestorage.app/Women/IMG_20241020_002444.jpg?GoogleAccessId=firebase-adminsdk-8wait%40sentimentanalysis-7ba59.iam.gserviceaccount.com&Expires=16730303400&Signature=mphzdazRT15vLxgpD2Qa09hkUScI1b0%2BBNvVhqYStZRySXlcXMY%2Bmu0GdM4eAwgToeqbLBd7V32QwvoyhljkoOStd67rXeSlS9y6wHQMK8mrq68wAhrngUjMxCsaT9GJed4WqOWPZAp0ASUu7jwOAZSHzGv%2FoiQCKF%2Fwhjx7xlUvaJyHi03cKGnwR8SeOAbx3gnOUwltvfsiZ6P0AMFVLaf%2FIlXwXsFRl%2FX6l%2FCwYk7pLEo12AUTFH2wOsNfczCUHl%2FDXrPC7NJkkPg6I%2B26c5wbfpG65xBriI0CSyGxo26cHrMvm5M6IObFMIfKFERTH%2BxJH6yIAIBR%2BclkYv%2FXrA%3D%3D
39,https://storage.googleapis.com/sentimentanalysis-7ba59.firebasestorage.app/Women/IMG_20241020_002451.jpg?GoogleAccessId=firebase-adminsdk-8wait%40sentimentanalysis-7ba59.iam.gserviceaccount.com&Expires=16730303400&Signature=PAViGv%2FiJfaMRPJetrdX%2BSlALSEapWPfY7%2F5ZDmNmpuCHu7Jev1y%2FIWUcu%2FBhOFGRO%2BYweKUQ%2FFbSknOg5bEOrtgVRHpTZIhVqJ1bX1woUiVtZRrOUSG9YXUnLh3laSMKO4kofMYRZENK3EDabUPj8K41FexrTZjfAobgDIXrdrqdWVq3hqmh7UJRNgaNERuiNTLfNnpOeGBB8y9bkZcCuPSen5O0THDUVGUAVTrNwGLgNZtlsuQzF4gwnv%2FLefv3QuolqTyDR%2FOp2vUH1bdA5OSuwX6GYqeAoDp%2FFPczy6BO5BglmXraBICscbI9oM3mSZqqeQHlZTwsCjDdeYrxg%3D%3D
40,https://storage.googleapis.com/sentimentanalysis-7ba59.firebasestorage.app/Women/IMG_20241020_002501.jpg?GoogleAccessId=firebase-adminsdk-8wait%40sentimentanalysis-7ba59.iam.gserviceaccount.com&Expires=16730303400&Signature=LjDCxp5X%2FSc0%2BJ3QNgJiK%2Fer3SQw9dU4E5nL9tpOjfOCGhHD7sypSrNR5SHzfUt%2FK%2Fbcl3yzEqqGEWYKDw%2Bp4dIl%2BsR72U8gvMxmV1pRrHGTqXnwy%2FPFb9eXpUbl26rHGMnLgMgLDnECNL8pKdZPJHXXvUQpGS3E2Jur32X04uqXKaDxhvvZFz%2BNP2Hr0iqlKyRs%2F2Telkr8EIftI%2FoT2sEEIWckO0jUJmj%2BXh6EfIVVwC8aqddaU0hL%2FnZjnp65HjkUM4VVxbms1UqT4nfH%2B6dY593Y9UFgrN0cGfxf9dsO8lMzm3TBlvibLdBKUuKW7MpJ6j7EiKAcabD%2Fc1I3bw%3D%3D
41,https://storage.googleapis.com/sentimentanalysis-7ba59.firebasestorage.app/Women/IMG_20241020_002509.jpg?GoogleAccessId=firebase-adminsdk-8wait%40sentimentanalysis-7ba59.iam.gserviceaccount.com&Expires=16730303400&Signature=AdNPnjCtq%2BdLgMHXUXj3wGS%2BrPNdfQrMnHymWan%2FVKpiY%2FOK32gxrvqg5%2F2loOjVY61SYkfRmEaRUs6K5GQAP%2FqSOiuVkD3w%2FW7pI2Hq%2BQGX2imAZbMtuPVgdJhFH5bJAJ7oClrPYiw3CHASsIIjkTxoxb%2FY%2BvKsnuMBK5xK6xIqkNIBOOh5vPo30pTHbjjosarGEVul7JXy%2F4NvK4p1hjovDxFl1Lo4dhm6xRZzuuLIQjPR90nuMiwsyJwkn8qIs6oohn7iDAvLFbN%2BN2Rh10vhdrK7SkYUbehAwHowq6PRUsNExppPe%2Fmy4jP7oNUsXoxS2MED7HyRhOx7zNu6XA%3D%3D
42,https://storage.googleapis.com/sentimentanalysis-7ba59.firebasestorage.app/Women/IMG_20241020_002516.jpg?GoogleAccessId=firebase-adminsdk-8wait%40sentimentanalysis-7ba59.iam.gserviceaccount.com&Expires=16730303400&Signature=KdasZNPr7s3lEFk6bBM9bqs4I%2F%2FqUsVBFXlCeF5gBLGiriP0w8xMhLH1722kJZvhnnX%2FtUGcZmHFk34sF59d068Zi%2FiuS6yzmw%2Bre0CarNB5Hdm3H9CTm3Lq7ZBhK5RiMy0j8BwZtjRHA8G4FZ3RzLM7tz35SKXj514eIDv6HQSv78JYgGfIoYoA3jzbSzxH07jcAMe39NJ1RrcFWfXG6Trn%2FdUxH9fTLQc5sgiAunCwDYvfRWnB7QnsWr9vp3Tle1SjOQdeO1ENKc1r6KimgMS%2FIC%2BtgqFiRwvlYpgjdhbq00zfngDAyC1gDy6E049l%2FwN78veP42DwN2cGcmcAVQ%3D%3D
43,https://storage.googleapis.com/sentimentanalysis-7ba59.firebasestorage.app/Women/IMG_20241020_002525.jpg?GoogleAccessId=firebase-adminsdk-8wait%40sentimentanalysis-7ba59.iam.gserviceaccount.com&Expires=16730303400&Signature=BKJwn%2Fx1a3WPvvdanxBOEwL0NH%2Fe53SpMgHeWk%2BjmCyCXQRSil1EZHIiUn%2BeveEQJZ1Uq8LKJPy0CFFEQLchUm9FNAXxDSKTOnypka63QZVmRHBiRevjiC2W393ZUgJpt5Wbq9yMl%2Fd20JJZDL6uVWG3R9MrKwBdV%2BdhFhuwkrQYTccEAIP1JWdlF5ycKWx3AlsNsvAVk9CmYYJxqFrZW8G5lG8hkW0dDJvch%2FaH3Cplv9qPInNAU6BuQNDHL%2BGUgALvyQtseJ%2B2kZgSlgoC7jITRUoq1fcxMuNPBWVyAKmHc4wB3fsUaOoY%2F0wQ6L6mZIvyJy33qyMct0k%2BYPcxOA%3D%3D
44,https://storage.googleapis.com/sentimentanalysis-7ba59.firebasestorage.app/Women/IMG_20241020_002532.jpg?GoogleAccessId=firebase-adminsdk-8wait%40sentimentanalysis-7ba59.iam.gserviceaccount.com&Expires=16730303400&Signature=s5IVBZx%2FS0af4uMdz%2B3DCZ732RhJtO%2FoNXM%2BURyqGwmb5HHyJHAt6kdCJXNM0fSB7siAuzqbnDQbS98v1Xt%2Bph2j0bKYco%2BehcVLDVuquzo8yIOfFwyigU8Jo4usXE7yaVAps5EiEG6cS4vyzoWHusan53%2FYZAxtg6GfM2%2BdwhxlHqOZxuQIcqoNVWVGXXsxBnk3Zvky%2F3zvqxumZzf0JT4mq%2BL1vveD2GSSm3jEKRXzAKG5ryF%2FE%2FGM%2FYcADdvVXhcEyHYiHmrgi034pAWDHcAGP%2FFIsiE2wd%2FbBv6iwIsF7zqifgAka4OT15e%2FrClCVpqHOZ%2FYZnNqlWlKAaEU5Q%3D%3D
45,https://storage.googleapis.com/sentimentanalysis-7ba59.firebasestorage.app/Women/IMG_20241020_002544.jpg?GoogleAccessId=firebase-adminsdk-8wait%40sentimentanalysis-7ba59.iam.gserviceaccount.com&Expires=16730303400&Signature=hIGucA31RUD%2Fv0ZV4P1GW64F5vXqtW5AC%2Bu6gNuXDpV4rEsJAwx8BwrtIJKJvVRzFRDtSUGbrcUUg3PpHQf%2BH1IjV00qSJA3zIsYlovVx9LzONvF1aU1UHpjAJ91j1CKVSUJ8l8heti%2BB%2Fd8RKYxON3D43pXUbAGobKsNL7X6fKVIdnY8mTkFFJ3zCweLezPe8M%2FhuygAFZJnqib1432yjacqnXE8vBwPZ0ktdjiwZc0S2x0dvPdS1yCYESYGVZKoXEUP7iaOxwYxQDqobXmikXZztCvW%2B6BrXErl8v2TF3SJXBgW2bqBHvkyY32GmYG%2B4qTU3dZt2nm%2FNH2r%2BpZXQ%3D%3D
46,https://storage.googleapis.com/sentimentanalysis-7ba59.firebasestorage.app/Women/1pic.png?GoogleAccessId=firebase-adminsdk-8wait%40sentimentanalysis-7ba59.iam.gserviceaccount.com&Expires=16730303400&Signature=Hy3HxpuoOwts7a2R1F3tmKX26GAvFfgN%2B66EUHuSSkrwTa%2Fxmp6Fx2c3G5w1crf2fw3%2BtZaoFAQ57e3u%2FmIUt2gUFFz5pCiryatk0RSg3fhWH5FkAsrXhgmdU6ZgwHWlMMRLdHLruzzkMKSGOA8jXAsYkLhNWICn18XUJI2YZld2m9SMaomcy9Aco90jtKYUASGCC8kf5J2PyZUXOeBX4aeyFeOVsI%2FrMcICM%2B85cULIui%2BNeTmXo9vSr%2BGlek0Wtha2dr3Q%2BtbTwUPNluSIlrpigE4OD7U7zLyOMhIMn4ggb%2BsHb8pZv5AtyPlFY9FTss0IVxNKaMi3kXWNJxgm0w%3D%3D
47,https://storage.googleapis.com/sentimentanalysis-7ba59.firebasestorage.app/Women/2pic.png?GoogleAccessId=firebase-adminsdk-8wait%40sentimentanalysis-7ba59.iam.gserviceaccount.com&Expires=16730303400&Signature=XvrLcprFHH4NKEaVnFwhEs3juMjFOK604R4jmKTbvtYNCv21iFHWLvcQwWedRWKIHtQgfeULVbjEYlx1l7uIqw3Wc%2BvrpZ1%2FtLXOMITqc2WdGCbMJh62WVatIwvTvt%2FHIPuZIkL6mUO0I819ok74ig6DxaANqQClV3guav85q5N2qfG28s3e9zwAzVz4z1r8Myej%2BHhhTWWi2gBeQZmaowYz3Hbm3beGzkt9w3nw6wsvjdmqxVO9xjmqMnEWCpdF337A9VnxUp7x6kaHc5jH4EXSZwqfO5xOlhDlTYbVtw95N1jH0lp0rYe0gwyDcoQibLoVBCEquqJYCAX8spD9Og%3D%3D
48,https://storage.googleapis.com/sentimentanalysis-7ba59.firebasestorage.app/Women/3pic.png?GoogleAccessId=firebase-adminsdk-8wait%40sentimentanalysis-7ba59.iam.gserviceaccount.com&Expires=16730303400&Signature=GCWXTXYJDuHsYooV%2FBfJ0p%2BQWnj3pdryy%2B6W9USYNOA%2BoYGet4HqNtRyYHNSRIUwssijkjicmB7Up5XJ2zGfBm9X%2Bkyo1fBhrN6mud81xA5cgidITSpt6mAoL4x24cIP9be93s0rh1kVWbGDnByyLjdpPkZ%2Bfb87vYVtpdz0PXvlW2YvakSF%2FxqLxDr9uX7KKg8DGJbwOXthjTFuBu52OC4EopGV3gNLBJ7D6gJIuQ26NK6A9eUrpYCKadOm6LpLchvmnOJc3tmhehLTxkJPY1W5CwWTRWcR3KxySrmGificp6WOGTKKvqp%2BrievN6e1xh6goxin1rPwXpYHdYwvBw%3D%3D
49,https://storage.googleapis.com/sentimentanalysis-7ba59.firebasestorage.app/Women/4pic.png?GoogleAccessId=firebase-adminsdk-8wait%40sentimentanalysis-7ba59.iam.gserviceaccount.com&Expires=16730303400&Signature=JhCprB8XoGgsV4skHUrYij1Rkbqbr9e%2BRfEhwFiHoKTxk%2FeNpPsfDi4JADfJQ%2BRP%2Fh1%2F5mv6U%2Boc%2Bt3%2B6Um8f9D6DJc9lDUK2IIuchWhknQmzWxp8MRMxlAIbNN%2Bp4NwSMw0SqEYUrWgEjVl2BpM1zAQAzSFbxdUymzZtvBZIkvZYiCaKie6oOq87IWPK4jHh%2B7nfa%2BAYhne%2FcD6h35QL6hPlKpIlbS0XWWKM0dWQ5%2B915JhTEzGvyIpJKKLxmtgnMef1QyI4Ew69dWINkKgtnVJf%2FbSOnsGxkWVkBqOjP%2BDLmBwXGyTI%2FiCtwnA7iBBQYEZ3BmuGuyF%2FDFeWGBBBg%3D%3D
50,https://storage.googleapis.com/sentimentanalysis-7ba59.firebasestorage.app/Women/5pic.png?GoogleAccessId=firebase-adminsdk-8wait%40sentimentanalysis-7ba59.iam.gserviceaccount.com&Expires=16730303400&Signature=tp3y7HrfYsqdGUEsIO9sKTODb8bH4Crjp8qdGE%2Fl30H40R7kXL59SYeZhauTQL8Vr0UxYNPA01ICcHJIYJxzEOLrS2IH2n4zGy%2Bp4oLnJipC4tQ%2BukIJcHEgAoXIWKk8qkuwMsz0PbIAaSvGTm01LoNcbRl206c39CqnOUJc9bQ%2B%2F8rEGqQl6lfhBBlhw518lx45R21PdxwVAmum%2FBMMB1y%2Bu%2FDA%2FjhylfXm%2FesdBACvPpc9lUzFk3%2FLA417Q0Ua360emhR6axhqZHUyGdP%2FcmFV0cusjn3GCRcJvAz8JOuVJZwmp9aExp8arj8eBt0vX0rDnwI5VDxRDKCVaCWntg%3D%3D
51,https://storage.googleapis.com/sentimentanalysis-7ba59.firebasestorage.app/Women/IMG_20241210_183351.jpg?GoogleAccessId=firebase-adminsdk-8wait%40sentimentanalysis-7ba59.iam.gserviceaccount.com&Expires=16730303400&Signature=KwMDGyhec0HNbEVyR787BALge0rPVkq7nykBruUjpjVBYqvOUvndWzuRo4EMICVD15%2By3vrIrjqWw2o5F6enHAIxHZgmMXbwNYEIwqG1eLsROCwCSkAMsZaiWIWZKGRiAjuQOTWvb5tT9MrZXoHRlEJRKCi4aQyFdDExYWRK0t1m8VP2m2y44M3BliJhS%2BViwYAoZFC%2BEeHvkaIj6lpBJ58ZlvAAFQDyEV8aAKe3emuEFQq5jNkQaU%2B7C9UvlUicD00K9khzlI96ebWuVshWEyJ1QSu%2FsfZMrOF4jwG6kzzK52KtV4xt5NYz1MN%2FBg5QT1o6H1acvneV54FGrn5jwg%3D%3D
52,https://storage.googleapis.com/sentimentanalysis-7ba59.firebasestorage.app/Women/IMG_20241210_183318.jpg?GoogleAccessId=firebase-adminsdk-8wait%40sentimentanalysis-7ba59.iam.gserviceaccount.com&Expires=16730303400&Signature=uRUKjhAil%2BR7k%2FxWwXsCo70bwFrDj%2BASueWErdtMVWLkDphEWy1QzxJQ6e4WyqmOp8Ii2K2VrxOTvlNaq3v50UHeZsy4eggq0arVViv0aRm2lVIGIJsFfK9hmgymO6iuTAPXxhXwNTphLwkQI3X8Bz3Xx9g6LvKyZ8lrYog6cpMGCMMTJiSJMGeDQjOSpSgZEJJvOobwLOhU1JaxjYXHC6iIsBs3D6BwtzAyv1HCJGj8xAZcgSAvZ9iyyUnyb0luAb01UiexWTulHZKWZdk1N9nl7NHr7F5eDTlDie%2Bxuex2HBOMzOo%2FtFsvMQnhbIVfDh8IDCgBwl9A8%2F9ca4xyGw%3D%3D
53,https://storage.googleapis.com/sentimentanalysis-7ba59.firebasestorage.app/Women/IMG_20241210_183100.jpg?GoogleAccessId=firebase-adminsdk-8wait%40sentimentanalysis-7ba59.iam.gserviceaccount.com&Expires=16730303400&Signature=aAeWwqnfQ1bXQKvJ3FzpctVb5mAoaasleiUt5oRGQnb%2FMlWe4epcJ15Wx3zTnQq0%2FhpPTj904VgTB6d4PGLRvzs7I3%2B8lYuD3gF5ZVx2EM4wJCdzbYkj%2BZ7hxo3ccwFROb9u%2BMcmcYw%2BWbGp%2F9QpX9MAtJ9I2PCuqA5atHacuSFldW6805DkiaIoca9PZF9SpdvoVWPwWtIfwveS0RK%2BH8LUChMbIkzNM4AtgDNaolFLeyv3Klzrgl51gUJfvPh5A4YW6OmP03Ppd%2FG2QjEze%2FvQXIwcYQ9MT5g4GnkQChZ%2Bdpvc%2BA6Qqq6xqKBTkbdRuOPJ%2BFUQpMxhcu3Rz%2FEvTQ%3D%3D
54,https://storage.googleapis.com/sentimentanalysis-7ba59.firebasestorage.app/Women/IMG_20241210_183011.jpg?GoogleAccessId=firebase-adminsdk-8wait%40sentimentanalysis-7ba59.iam.gserviceaccount.com&Expires=16730303400&Signature=PNzj3Y4xfC5JwSwdhcDRsi3ZroXtitrS0gbe%2Blc58YQILe7uW%2Fp8C0%2FPwculqxq9%2FjHhLE1vQVHrGLb9No6c2pMRJfGq4ToLOMzPDzOxMfwO512W621GyVLNT%2F9hL5xrbzUNxZ8N6fj0d2EHhpZCCHrEIZ3RLj4lIIUJD1lL9ZAW8BxfRl2AtskN%2BUUgnfCNMFbaVnRVz68ZYLV24jmID873Q%2FamEmxQbyGQkOzbhkw9mOO%2BVB4CLMWEEt6QeX2Ap9snQBo5G05Q9v%2FR0WqXHJGWkJSKsBf%2BF%2Bo7VubteU8BHKlAgL5s731%2FB4SPV%2FPI1q3CzOmb17LmutUXM08y%2BA%3D%3D
55,https://storage.googleapis.com/sentimentanalysis-7ba59.firebasestorage.app/Women/IMG_20241210_183153.jpg?GoogleAccessId=firebase-adminsdk-8wait%40sentimentanalysis-7ba59.iam.gserviceaccount.com&Expires=16730303400&Signature=ExdxJB9du8E%2FKJOtoR%2FTdGbmWsPEgVAoTkx4pJaQdM5sAYdyxE0DfLlwI%2FJ1kEV35twvfH2gq7%2F1CgZpC5g2VSs%2BbTQ33hidipnn6rYRQ36VaJpAcK7ssbjHbcLoz9pWRTQ5J0uEKbZT7clwbCAbOvX8zUiKZI2rNFMC7tD9ra6DBaSeCji1dpJ1R%2BFx%2F1e0YjvyXAvr5MQHHq%2FKVBTI6T7SnsDLJjkgzYQizdGAxSWUk4Ljpsv6TiCcbihBbcqL3uwxFoeKkIczknJfUtQ6kigwibEa6kl%2FZxDtgbcxxRQsoKBAfIu4xNOH9ft0%2B72XO8dso44oHO60XkgDDh7%2FjA%3D%3D
56,https://storage.googleapis.com/sentimentanalysis-7ba59.firebasestorage.app/Women/IMG_20241020_002115.jpg?GoogleAccessId=firebase-adminsdk-8wait%40sentimentanalysis-7ba59.iam.gserviceaccount.com&Expires=16730303400&Signature=tk23nCjPjVwi8LpAhfW5G95PuGU%2Fr7fFIC0uKAgcV8O7hOQ8lpN8bym18TWv5gvs%2F0%2BneGdRMd%2FnnIRWWsAkA8K8rboLWNN9tEt6Wof5dB2xDwWJOAjNPDz8PmueJKe9i7%2BCSt18ylUrUwkSj44%2B55dZj1NRCz3z1TMWHEHXjtS9XyDL2vggNYLA%2BzY9Q4u9b2X5X9X%2BKaxhvIuV%2BGzdEOoV2QNQKQMPTdLl47s3o%2BhDl4reqXm0Edhqq3syhnPN6CUMlVOkAnWYGJPmCd1oMhOzbeD0BoVwKVb0lcyxewwwWPQKk%2BQXr%2FIp0ErNSZpXGc%2BfB%2BsmQ1uCUxbMyFHZGw%3D%3D
57,https://storage.googleapis.com/sentimentanalysis-7ba59.firebasestorage.app/Women/IMG_6225.PNG?GoogleAccessId=firebase-adminsdk-8wait%40sentimentanalysis-7ba59.iam.gserviceaccount.com&Expires=16730303400&Signature=cARmRcy70QVIPg23UiNqltHKtRJf8DZbjwX5f6dcyRLhtfKD3xkJqoKB83fTx7z%2FbBgl4R1Q4dGAF03oJxjEzMkkzvm6OhY0%2B4IiBwTL%2Bjp%2FrSdzeQuIzCoUCsFzkkVhr6qUtCjKus9mmf5Ur86XcFCZEAPzZPiPSI%2FVlW7K9238nddi3wjuig5cYz6vPohzyWID31b5SQl9dUyjtMGgnFiytmnfKqp9slWJcRnB5SNECZhWFrks1vTmEd%2B3ggwtVnPFKE0XZ25BvWXOAV8Q1ZH8aW5xc89AmbNoODc%2FzUoofT%2BlQJW6fb59D0o4BUceIY90PPYaBA6rvsyR5%2BRxIw%3D%3D
58,https://storage.googleapis.com/sentimentanalysis-7ba59.firebasestorage.app/Women/IMG_6232.PNG?GoogleAccessId=firebase-adminsdk-8wait%40sentimentanalysis-7ba59.iam.gserviceaccount.com&Expires=16730303400&Signature=qTb8%2Ba2IHk2%2FrpY0lCuWnWBGk7XbKDwcnO6nPzqVXlmWAEHag2krMC9ktMCE2JInvuIbyv88nvAtsInwWcmQNI%2Faprl68BedrpdZEsOUVAYps5X39Pq2ganFJvgety7z8C37ISrVDX2OCG7KQFTsTr4b%2B77%2BAA91ePBZVYdMkyH9b3Vp4VooK5hONqdLaHGidshF%2FTGn4b3TDuo54N7Q7YWNGoBQa4difR%2FyCM5mV7bG0btbibpKfx4B5zq4qAd0s3vfmO6mQKG9FQagzUz6s3u5rzyyTJSLGeaY4QANk9xCOPePer2ncf6axy8YdigaOLa74kNKqzmtVrhhtFUzBw%3D%3D
59,https://storage.googleapis.com/sentimentanalysis-7ba59.firebasestorage.app/Women/IMG_6228.PNG?GoogleAccessId=firebase-adminsdk-8wait%40sentimentanalysis-7ba59.iam.gserviceaccount.com&Expires=16730303400&Signature=nGNnm9NyOKf9DRrPXj4QjPrro6e11j24lAeus6VQBAPuzwFjUmZxGaKZif%2FQbqMG6PxtGB%2Bw2gWFcdm8z%2FeYpPLORWmsuKW1YgK6YCsu1cqfF3swiJZLHcJzBHGWlbxl%2F2zLQ1EXmDzv9XXur5CFX9I6giYDCFjjIxhjmFiwE3z%2B9NGxCkeqUzDel8Joh8CosydqwPDjDoZxIChy1r1RxYXsuoTu1oZOcIwxa%2BlJcupwrAhPXBKEbpE%2BuOKumlPzC%2FAKFiudVBiCLm2RdOFzDHiP1LA33JDH5hBBIl2%2BY2qbcdgUm6oRc1lrl3uE8Ujvd6rb5OKKuve9hnOdpfEnOw%3D%3D
60,https://storage.googleapis.com/sentimentanalysis-7ba59.firebasestorage.app/Women/IMG_6227.PNG?GoogleAccessId=firebase-adminsdk-8wait%40sentimentanalysis-7ba59.iam.gserviceaccount.com&Expires=16730303400&Signature=AAZiYzhZBIrTtEW2o%2BEGabYHvmNKPT4hP3C04T%2FXgtrFkh72juE6Ew0gCWFYdjptVRXgpiTA1kV3rjXrXqWF1%2Bd89KqWRzMm253PfE2jpZCgaDjBJDCepvq4xEECaVMx47G0kmCsMNo0wue1xGT5V3HiofdYaGyqcLB8Gne3g3w3NVDa5JOXdzMsaGIhFxaJ9IOUvmBUgcEM5umrbwpq8BZYYZKkwuaUlpmMdv9R5Ga0TqqCCSKeJ5PCTHlGz1rzYPrFbOZgpZ5%2Bdw7jrAv0OB%2B2bClsZJlAooDuW%2FFiibJG%2B49pOWZhvmMx29JH6gO2Z%2F5tFsLcegzepajZaNsTVg%3D%3D
61,https://storage.googleapis.com/sentimentanalysis-7ba59.firebasestorage.app/Women/IMG_6236.PNG?GoogleAccessId=firebase-adminsdk-8wait%40sentimentanalysis-7ba59.iam.gserviceaccount.com&Expires=16730303400&Signature=EC4m%2FBL7eWE3srpH17G5cysF9uxjOib6aeAtL1lEEg1mpU8AXApl%2Fy2RWlP1%2B6hyAyrDPGDay0vPkKM0A9VPvk01uMcfiC33dP4ywcQM0EjREVhmRmAihE1SiznskTXxWMXuATd55howvyrSLoPQUG7FYbTSGr6Km7NzJ6L91WkvHORAf7N4GOsG7BhYWKmOjhjIzi3vCnlKDdt8wCFl1SNVR3bib6cw6QnvmU3mvmlIdsnYSHb2Eu099Kow8Y1acdM0Rl0gCbWXQMbb367X4A%2FWzD0fPkaUtc9XFIs%2FoIV05LnxuEiCUB8dlBGluhYrqayh3SGaL8Lw2%2BgkJGNrBg%3D%3D
62,https://storage.googleapis.com/sentimentanalysis-7ba59.firebasestorage.app/Women/IMG_6226.PNG?GoogleAccessId=firebase-adminsdk-8wait%40sentimentanalysis-7ba59.iam.gserviceaccount.com&Expires=16730303400&Signature=dKfeoSs%2FCu9kg%2B8Tm89bdChzBCZGlCwJ4nwMs%2BNo8uul9arw6a30X4ewuhaMVlZthwvXk1y7yS7HuTnztWRErsMfOMRpbydKNd5OKCtoaif4TksIv%2B4HZsHAAV6iwcOwezc81cKaeT%2BbMlPy8pocdARJIGNhfOahuey94mEU8w3d%2Bnuztvn1j9MCbA1aoM1HaLv2mK2AiG0bESMpUZwCMQeAUoXj%2F9BuOGNoPNrBBakU8Eq2Y7hPvJ0jRzInMKnXdicFbdFBByZAMoPKzn7jR%2Bk179GJ%2Bw3bLnQskicovDLENTGBdhOJCjCmxOyHcDzcOLRDgeaOhrz1rjYLWJIdPQ%3D%3D
63,https://storage.googleapis.com/sentimentanalysis-7ba59.firebasestorage.app/Women/IMG_6233.PNG?GoogleAccessId=firebase-adminsdk-8wait%40sentimentanalysis-7ba59.iam.gserviceaccount.com&Expires=16730303400&Signature=tuKVK1pGMreLdx52Ikl6YfZOaU1Mz8426udaPtnLosLx5Yl1PDfaxezjiQliugjQJaQnX4yybzyLpxyjxMj9uoqcriASDXDFpkqrS7ScH8e%2F%2B%2FvmBLWCO1x67h%2F6EvdE0GIa1lyMnLyFc%2F5bkAT9RvW7kQLDq04FTerfLlluw%2F2DleY5Q0g40iDxWn1qJ3Fe7B%2FwXBiwtXrD2p4Y4fd61sIWI9uvQU7tT%2FL9VIonBetGdZmA2CrKqi0ll1i%2B1nh%2BM5BG8ztCqsGOkFwmk3NW1Jyla0YLO9hbSZOoRFKVdw7VEhNclYV%2FfrKbFvOh%2FokUtjG4DTwqftuIiZlzAxiWhg%3D%3D
64,https://storage.googleapis.com/sentimentanalysis-7ba59.firebasestorage.app/Women/IMG_6230.PNG?GoogleAccessId=firebase-adminsdk-8wait%40sentimentanalysis-7ba59.iam.gserviceaccount.com&Expires=16730303400&Signature=gPnxeWmu8hRyfCiiTygtu0WfQl7PKsKUOxkFCi%2Fy2y1FYkzJKRFtjPc5tidbxbjXVa%2F8IK0%2FTHeQouysWju5eHn41p5HlAs9tTwwHYrUZYTIYOVnh3fnTePJV4OY3Tn%2F0kr8%2Fi3nkBkXj6VuYxlBET%2BINwY%2BwfRClTpSCYHNxOCDj6IeMCnn8VG0c2W8Jd8UbB9EdvWQpOJYDeFW80vl7vK7T43JB4FPhHkV1jXUXlpwDGAoOf7jeTTh4Ufs6CG9ljaFn8Fmdc%2BCQqzOn2WXkdyBy1Il1YbQNLC%2Bh%2B1u3FPpMFsPB1CcARvURZL9ELADJ%2F4nl3xu3hwcnimlO5X%2FrA%3D%3D
65,https://storage.googleapis.com/sentimentanalysis-7ba59.firebasestorage.app/Women/IMG_6231.PNG?GoogleAccessId=firebase-adminsdk-8wait%40sentimentanalysis-7ba59.iam.gserviceaccount.com&Expires=16730303400&Signature=TfEifBk6b3AnuySu81nv8CwHKHdp2VCUuR75SsM1Prys%2FFeHKXihjuTp9qBaUMYQvWANi64JNf8kaoywdnDe9yb5Tnf6zEJuKR%2FCVznei%2F1jynCCdPRvqypyG9nQiaZy2kN6VwJ%2FRSXyxF51wjfG2OKJ1%2BSoXUDEHRDwltj4tpfRwDDT4JrgbWq8nnt0y2mpppsMBigesJqvXkel1NtoBz3%2FS01Cq1e1AbQvEYghNin7DeD1uBUgnTtnJElnJfNpBE9d%2BWFctmC7JvOx4T57jv%2BVmSWwjjuaLu%2BtVvgDga%2FXd4NV5f8TTAcchf6lS9pCJKE1w%2BntE%2BLxz8x8BwOuoA%3D%3D
66,https://storage.googleapis.com/sentimentanalysis-7ba59.firebasestorage.app/Women/IMG_6235.PNG?GoogleAccessId=firebase-adminsdk-8wait%40sentimentanalysis-7ba59.iam.gserviceaccount.com&Expires=16730303400&Signature=ovok0KY%2FNiqcFjqFVKmv4uVF5TBNY5cOjgRxGxaz1NAE3icL9y1ifLV9yFtzSwMpqFz7TzvCeuYfv9NQ%2B9B8xmelXnnDKVwyBz9g0WWQyVOfdNTCqolCT4yKVeFX53HRnyv1qrswvK0qenXtFU1fHzBhoWWY8eMBNFk0mCu8LZmwW26XIOR2NhbxQHl1vYRXoF3i9uzq%2B38iXleGwhPlBCJ6D2fnjq7lNAt5Gk3tyqt1LjHO5wm2uvhvW8j3cJK19Laonujdw468bsfd%2FoaAlC%2FX6JNQO7vxZAl38LJRYMkLhSgDJ%2BvrWyc%2FIW1HiV0xcqAvxJPBRgrlJnvPyAGGng%3D%3D
67,https://storage.googleapis.com/sentimentanalysis-7ba59.firebasestorage.app/Women/IMG_6229.PNG?GoogleAccessId=firebase-adminsdk-8wait%40sentimentanalysis-7ba59.iam.gserviceaccount.com&Expires=16730303400&Signature=t6F4Fd3cUPvuKUjdHL5x%2FOI%2BgDUK8ttDotJjxxHS%2B%2FHGwUXtuUK3tBxgHGaRXKIqG2z4c0qM4WTt4CL3gJRFFQTeKjuDv2nKxqOKZjawloxpHyNzoJ6phDV3T%2BipbwBuSFg8EZycbS0vxr1HS6lnYYrgI%2BgEAgMMoWn%2F7TgtIR%2FcEMYIv7UMuHaEzGDwxOZ4pilK0SpC7FnuK31Mbmo3%2FXKtJcGruLHAort9Yj8xtdz0uTV4ZKEPsmLtmfzekuefDRL30nbw7b7jw2UPlI8KsO4%2FJp9MaP%2BibtoCf31QZqBahyujJhDvUfZKgU27y2srRTcRPvuyTCn3pr%2FUevM4sg%3D%3D
68,https://storage.googleapis.com/sentimentanalysis-7ba59.firebasestorage.app/Women/pic1_dec.png?GoogleAccessId=firebase-adminsdk-8wait%40sentimentanalysis-7ba59.iam.gserviceaccount.com&Expires=16730303400&Signature=qTUeBIoEwbQBkPleYpF5Nt1ggX9pFPZdskjiOQYbzAC80NVS217mUDIug%2Fi9cmmcsVTn0voBaE2rhhtxmI%2F%2BO0UwM%2FD9YdD5%2FXt69vTE3nOE%2BaNWDfENN1Mu9tqzI0ALOa%2FLMDp7qWtA6WJF%2FtqpvlunllS6v2pTzR14qzgaTDeRW49Hrmsc3qBfROulJPSm%2Fv1irFWz1QD2o0eUcb6fh%2BuPY6qnnEbLljpyu0RT5lxJForNOHdkYjLWz8QBJUozJePCZEx1Twl%2BWqRQt8jldjxoBr0ZDcbIhHRGckpMBH8apZEeR1%2FAEXPbGTxTTJEt0XyGGJu4cNCfVEfcFLCxlg%3D%3D
69,https://storage.googleapis.com/sentimentanalysis-7ba59.firebasestorage.app/Women/pic2_dec.png?GoogleAccessId=firebase-adminsdk-8wait%40sentimentanalysis-7ba59.iam.gserviceaccount.com&Expires=16730303400&Signature=sVdnB%2Bk1Y8w0B8wq6N%2B1yaAMKN%2F2BjeWEKvbXBit%2FewgSYtH6s7L3SoT4jOqcvvA5RxKRMLc1%2BOMVvrhZhNeRjhjsHLSuv9aouGn%2BBZQru3jRRKPodaOZEoPB1J0LdNH2Rimb1MhVQIZgYAOgqMCgcGyseBXCr7ccuVYYIMhnOO8O14wvS6vd8Sl3CKqEhDaZokfoQimYSjXPZZGMgdgUi9kb3Jwcs9btaQsoI%2FO5ykUuwinal66seoybIkqSlkxGFgfKlYwAeekQDTzudVTVUmhLXzYRnwO3HEQ5DzxREX3VjFqh%2FXT3VmaXr1w3%2BkEhv2%2BusZLDuYH8xBjvpfS%2FA%3D%3D
70,https://storage.googleapis.com/sentimentanalysis-7ba59.firebasestorage.app/Women/pic3_dec.png?GoogleAccessId=firebase-adminsdk-8wait%40sentimentanalysis-7ba59.iam.gserviceaccount.com&Expires=16730303400&Signature=OR65wHelvaxjCM5Vo5KN0Skm6pCG7JdmUQK1iiDrC24S32qSjmzGcz8J%2FghAWdrexq33NY8Hnu4mkz7jx1A3EhpkgqOTkCCb6gyJcmX%2BrivA4yf0E2%2FJasDA41Bym12nzh8Q80Ops63ixlesBETTsGqf%2BAKvfTgWt4SV2ZCgxTAcwNRBxUTpF0CrCTXXbnm7VEd5migYuxvOjPz5Pi6AbYj8vUDkDBEywIMvE%2FxmwHx56JfrIv%2Fv7d8XBacQYJd9jznpoXBn4a364CeAqHCq5d9hAlvbweSfL4mhFMLw1M%2FZAmMpzaBVjBRHbOWFlWwgzov37x3CurdQOR%2BT%2Buvg4w%3D%3D
71,https://storage.googleapis.com/sentimentanalysis-7ba59.firebasestorage.app/Women/women_pic1.png?GoogleAccessId=firebase-adminsdk-8wait%40sentimentanalysis-7ba59.iam.gserviceaccount.com&Expires=16730303400&Signature=tsfwBX8gnSVLQaU5IaUgWAXqO49X3R94DRU6gjJHeNTaEV%2BZ%2Bpp3lJ9U4QcoDsbmAawqF9MYObL0YGigQzgGf%2FRSEO%2F2Ee2uSS0Km%2F3WAyrU262IQT6%2BPK1E%2F8xOPd9e9CbK%2BggOb%2BqN5Foig6Jg1x%2BH9jZCux4BBgQ%2BsMPKAXHPjfc3A16SjJXb8Eo%2BYhRxpTFmP5FWnKOd689mwTYd163RhDuxgPExEGw66iS2ZZWGKK1Y4M7Dak1wrF8Stn9Mo5zDFtnVrVLM8iK8Rie5dK5zk2a47E93XNcTB%2B26JXC%2FLcXpVSeaEmDh8XYryAVyFWdmo8XXj53K2HeShTvbng%3D%3D
72,https://storage.googleapis.com/sentimentanalysis-7ba59.firebasestorage.app/Women/women_pic2.png?GoogleAccessId=firebase-adminsdk-8wait%40sentimentanalysis-7ba59.iam.gserviceaccount.com&Expires=16730303400&Signature=jLcm26lUDocWcz%2BeJWvbC3pPuHn2KFUQJRPyIYgfCchClkoJO8i9LCZHqn4vA6NKi26zL%2FY%2BfXRuBM5vOPta%2BdGF3136lmz52Txv1M8A%2BXBwUk3nr4X5I9Y9m6o5H4koRvAHW%2BqpUBo7mg%2FpIZ6aTpW0X5T7JQHqDBPYVvsmh8B%2B2i3W1UU5gkrrWdtyRKreHH0SgzKr5roWQKFDSgtFnnebcB73FNtZm10aljuKv%2FPehBCMX8pD%2BvNFyXMrwmi5Wt0nLYH66Ta0o8i9QpLw2t8WAYvVyqlDbS9aJN8%2Btc2%2BAX6huvCLv%2FICjb8tdLfNqvNIFl3uVahvpSYb5tehmg%3D%3D
73,https://storage.googleapis.com/sentimentanalysis-7ba59.firebasestorage.app/Women/women_pic3.png?GoogleAccessId=firebase-adminsdk-8wait%40sentimentanalysis-7ba59.iam.gserviceaccount.com&Expires=16730303400&Signature=JhD2qg0nN91%2F7TaFFWmSa3ODA%2FtiW2C%2FiRh%2BIXEg52R87ROGdB76E4PLIGKv6BpWG0S9wxTr4Wbqd0P0c%2FFtq%2BZi3fjsuQbVLbQutkm39VSz3IfmAAsCTZDqqVXXN7SI%2BbcVRWuE7jRG9LiJxTKZLhdOwLN8%2BI0%2F%2FI1lvtM55iXoz9uvFpK9JMYKEbMtxZVYQfuY6T0ZGQsFIYvqShd2thZplpYt%2Fst3Yw6pe8RBrmoZlBuYzeWP7JPzT5AvXtl5NHqSy6D2bB0mtA226eedAEkud46rl0KL6YZT05ma5qEpE%2B4OoD%2BLeryPk1WdMA%2B6%2BevbgSY15V4UjFKMH12f9Q%3D%3D
74,https://storage.googleapis.com/sentimentanalysis-7ba59.firebasestorage.app/Women/women_pic4.png?GoogleAccessId=firebase-adminsdk-8wait%40sentimentanalysis-7ba59.iam.gserviceaccount.com&Expires=16730303400&Signature=an1CEL0F3sHygScweDhlCiChuU7gvZfOF52F9693WdWCwADOinbYd%2F7blOlj1LoL%2Feu6crN7GOgWSFzyrX7k9vkoec%2F75QcZYX9MdpLrYkQSQ8a4%2FL1sJE7n%2F60M0EzfUTSbCMUONZrK7rZr%2B6ENnFrarEusVkK1hRXV79baj%2FNrRpevbn28PL8ay4pl2pijfrz5bhIWGo%2FL9iOvgVJubbIlMKSgcD4ZMTmvc88Y8xeNqfhRTT0l4CUo3uNYPv7Rmg%2Bo9tXKrPfK3aZ%2F%2ByYq40%2FI0g7jTG5iXUSr5DWi6HqZd6q0nPxsiCxt%2Fbc1FwosNPzi9VM%2F4FWvKP6iTvP58Q%3D%3D
75,https://storage.googleapis.com/sentimentanalysis-7ba59.firebasestorage.app/Women/women_pic5.png?GoogleAccessId=firebase-adminsdk-8wait%40sentimentanalysis-7ba59.iam.gserviceaccount.com&Expires=16730303400&Signature=p7bv81Q9DvZHV5qzn%2F1K9dt%2BTPwrDzGen3MH%2B3GWbQpy2Az5gEvXpqLiB9nDWMYwZfY0mPiXbhd83g5u2XU55hylLZ1Ekv975uqALajEVRkehcwMeRGeL2drWnW3lBBuXW3w%2BNbP2Ix7nVOAtNM1klaQ68q6C1ojHT40D6FrTqpiuH82opDecDLtXwECIo8nbsX8kGptTfiKd44I%2F6MDtSFZuolb605GjUPRXyfy%2BoJ1JyZBTERlQaVvi2urWhi4ff2%2FcZB0%2F7nWMflkea2%2BbMo203AHOLJ%2B%2F%2BgfcRolhF6v%2BDAnGUL6nMjVMlbYtRhl%2F5PLqBvsLwATxUKYM%2FuzIQ%3D%3D
76,https://storage.googleapis.com/sentimentanalysis-7ba59.firebasestorage.app/Women/women_pic6.png?GoogleAccessId=firebase-adminsdk-8wait%40sentimentanalysis-7ba59.iam.gserviceaccount.com&Expires=16730303400&Signature=Q1vzZImq5mgKAtqvgCdVwhg3ujOPk85btmyVwPy49rNr5L7wgrWg2evh0ub23FJtBEhEIHNE2Btcb%2BFh42uWi4Vcx5hSdCA5N%2BK5RNfR567W705r%2FnS63XUh%2B%2BYu1Vm76%2BbJnvAQjwqTsz9FkdU7ZkdO%2FjarxNIaYdJ5uO1ZSQf7ad1q%2BaQHKDyHchx8pNHxscdxTIBH92w%2B5oHLgHzWQreqE164xw7zoOAMda4z3SO5RDdTHmkDjJSGYouJI4N4OHS63zoPnavMeUnMBnsOsD8Y6bNlhn7rTF2QOZDCGeZ5xlng1L%2BcM0yWjN5YQTVJvTCykT18jU%2Bv9czKw4Mqkw%3D%3D
77,https://storage.googleapis.com/sentimentanalysis-7ba59.firebasestorage.app/Women/women_pic7.png?GoogleAccessId=firebase-adminsdk-8wait%40sentimentanalysis-7ba59.iam.gserviceaccount.com&Expires=16730303400&Signature=QRTShswZa4O4wqkGDezLfgm9K4JYdErZ1WIDpl4CCUHhkX3s70xnBfnNbLodpQ1As%2FW2EUbpXFJy%2FXkC7usfOJXpVMss1NgJll%2B6qEAyjaVjeKEEGGdxVaeMio0hLt%2FVMle%2BxQ26KkrgmvG%2B8l9VQTI6HKapmAfJvJ3v1tN70hC4PGqHUh7CW%2FuVWAYq830OLOSbdmEBpWD8p9ggOoys%2FGHuviN57h7vOSwq7ymqn3q0ntRhUKjdb25L8ToqyHiHd393B9LSN1nv5OHgx6XwMiuLWR%2B%2F9zJ0jEY9VLMsxv2uAV24uHcNRmqQ8ZDDRvaLZdtGXmqvQv4hL7Bn4KQyWg%3D%3D
78,https://storage.googleapis.com/sentimentanalysis-7ba59.firebasestorage.app/Women/women_pic8.png?GoogleAccessId=firebase-adminsdk-8wait%40sentimentanalysis-7ba59.iam.gserviceaccount.com&Expires=16730303400&Signature=JLtCibZHS3b30AML87%2Be2U0SEo%2Bs4lqArKS4iWsqBPOjzS5K5k9dEvA2%2FuGn9AJyFCyA4qJ0vG0P9y9zjEWI8kmlbNosAYiTkLPTQDYQOHmo0L3cxTHLjiKQjbiLjLSxet8kgBqzgW%2FpnRHNCOjJhg%2B7vTdjUbr14v2BKy69XPTOAbMt4AXbFZjSKaTXr0y%2BhReYQe4OYOld54v%2B2z2jP1%2Fgzcn3x64bCV9LztcY%2Fn%2BHYYjlZAIjFF6qOuhB2Qk0S7I083KcM%2BnLej1WfIpKI3kCXJP%2Fj7OrKf%2BXEcVLqm9KO6YMY%2FQQ657EACUlobuhKxQxvti0M%2BORQ0cDpwY5hg%3D%3D
79,https://storage.googleapis.com/sentimentanalysis-7ba59.firebasestorage.app/Women/women_pic9.png?GoogleAccessId=firebase-adminsdk-8wait%40sentimentanalysis-7ba59.iam.gserviceaccount.com&Expires=16730303400&Signature=c1%2B5vAe5CAOYCEaFUIQamllPjmqny83f3eeAkw6HWoHdMun7End5CpW4L4qclkX5W3XQRe33y3Zk9rQDyojcPSourKckjhZ94pqSzs%2BxjNL2SJvCnI62YxgnUAfzMNcUDMcJ6kUkCTAWWGBTkVQAlvGgq7t%2FbpPj8EZQX0aKswDvUWdmW2hPdrqgCIDXxF8HHLJa6zsJiBKyznDYc34l4h7uUGQ8YMbIlAr15iiXlOstPWLywF54tMIp1DKbvw%2B8Shsdp6%2Bt4xivRNBYDfSlh2TlgAqC6jcZjUapzAVOANTTRkZVpSAN69KgTSS3gZM93anU6A%2B%2F8Uyyspi05AQCeQ%3D%3D
80,https://storage.googleapis.com/sentimentanalysis-7ba59.firebasestorage.app/Women/women_pic10.png?GoogleAccessId=firebase-adminsdk-8wait%40sentimentanalysis-7ba59.iam.gserviceaccount.com&Expires=16730303400&Signature=p8dzoY%2BQ0Muv2B5pzdhK2kCrmb7tMnkfWwwF0ZwLUUDvxlAIwdY5D2NmG04yNtYC9Fu6XoathkpoxYD84ZDJBBsVkoiuZM8NZUkX4nbjGsKh4GYiT9t99kR%2Bvty%2FTSlsF82%2BlPT4034fNlVxA1L68JeZGHiuTDLba%2BEOZUjhdjXqPOfxJQXOkr7nBLwlkbWr23%2B7dNFMP%2Fzu5%2BjTB2EgBLGVj5FwvpfkeO4NOLYttuJuN%2B4cxLBtesimgIbwZE4JkHINPTrjJ6hoblMNeXoXUWsRDiH%2B178FPJoixhkPxKo7wqUCX5366SFnbTEHLew%2FkOhB%2Fsuuzf0yQyU%2FIcvNNw%3D%3D
81,https://storage.googleapis.com/sentimentanalysis-7ba59.firebasestorage.app/Women/pic81.png?GoogleAccessId=firebase-adminsdk-8wait%40sentimentanalysis-7ba59.iam.gserviceaccount.com&Expires=16730303400&Signature=VuhIerubaGGuzkHSNsNAIKwbfH5FdVN5ffxoFt9uTKGiA8imdpe0M%2BJUXfTbAwYxsv30w%2Fyri8BxSa4mKINwLX0cygbir9dGEusWzpgCoq9JHOhpNCDsxGOsN4Rr071WS3vRBqukenTEVtrJMmDTEk0ADkz%2Ffl4gU03rJGxwBY87IYEubyoYS8biCpE4NgC0Yw11%2BzPYeGjwninUZCvAOURdFaURI9jrDjBIHI1O1wu%2B%2FM7Pa2eo7SkX4eDSfKlJCh9Nk%2FyXH0kJRd%2F7soPXf8bUZA78GVj0WKO9SVzKbiZw4hEwWD1JI09Ji1IZsle6imMYZsBx845LMKlvimsL8g%3D%3D
82,https://storage.googleapis.com/sentimentanalysis-7ba59.firebasestorage.app/Women/pic82.png?GoogleAccessId=firebase-adminsdk-8wait%40sentimentanalysis-7ba59.iam.gserviceaccount.com&Expires=16730303400&Signature=pOZA8ZFMB2keh0ZjsoKyQtaPjgHqW4eZDwEokwENh%2Fb1Ki5lC4xmvlAEQNF1uDxlraLO%2BLsFp7HeH7SzAUxWavC1b4XkaFVeDja6gi5chnYtaTD8z9UKsNL7ghYVZwHOJs08UWczS%2Fw5hyreQCCq%2FCTxWal3i3rXKhPQyZuMBUkIxcDmm63BXIxwd4xKi37TEsNcx3igm2xOOOq%2Fh2lGlf%2BK4IQZdCaWeFoqGZRizb0wEhKCpbcfMEVrnZQH0zyDxgb0MMs6RH1bHzYCv5KO95HGrfz4gpbUDQlE2lD0f9viKlxsOGjpvpWhYVDGczjG%2B58U3an35edG%2BaBbQZ1exw%3D%3D
83,https://storage.googleapis.com/sentimentanalysis-7ba59.firebasestorage.app/Women/pic83.png?GoogleAccessId=firebase-adminsdk-8wait%40sentimentanalysis-7ba59.iam.gserviceaccount.com&Expires=16730303400&Signature=DKMNYM4TeyI4H56fcZAEPVz3Ez99QAhnZTnkTaZfxWmJ8AgBBdfjUbwgyzRl8OMLs%2BShopS%2F0QmO%2FbPm9vNh4k%2B%2BGngZ69PsZJSHHVYmZHGWnSirfl3TnlGH2IO1q8ZaCV%2Bm4xTvQIVI6FtmwGk%2BcfEnGomOzohpwKaLeO%2BjM8NWUapoWMH3Gtc8BvgzV3DabYGetoWIXrKo8QKfx%2Fv1SARoBm6jQ0AATv77UQpgowm7JC5ukUJwwmqczcIy9fa3kf5U3aedCB2jTVm00DZ6teikThpT3aP0%2BvWz1QItMPrqPkuJh0ADcdhQ5VFdTxp4BLGm9IVMYJ7STCiwl7p74g%3D%3D
84,https://storage.googleapis.com/sentimentanalysis-7ba59.firebasestorage.app/Women/pic84.png?GoogleAccessId=firebase-adminsdk-8wait%40sentimentanalysis-7ba59.iam.gserviceaccount.com&Expires=16730303400&Signature=fhMIXBKB6NocnC4OFIRmxA0DtmWkPasNEDtkeZDuw3GllNT3ApdNaoFWUAtjhdY1FC42egb89pktzp2Vz%2F40y0Yw%2FWJOp8ENKVrMWyGU0pwCC0eHG45D4Rj%2FY4pMsY%2FaYPOBMeOUid3lTFUGVRipijapy8%2Bntw4enJtz6sCQRMmwmJn73c9IrtQpJn7f7WrBGZ4IoP%2BFm7uhq6nTv7fy7XDOjkLjNX0WWS1fBwQSt1STy4meL0ez9KqCeB8xXNyoIaBZ1ACZqnrMeo9ycdnngGutMZHhIIKH7COdJxmIzgaRoTHsx7XG8sRy46MkmXoVNVXzwNzot8lGago%2BZE197g%3D%3D
85,https://storage.googleapis.com/sentimentanalysis-7ba59.firebasestorage.app/Women/pic85.png?GoogleAccessId=firebase-adminsdk-8wait%40sentimentanalysis-7ba59.iam.gserviceaccount.com&Expires=16730303400&Signature=TEWRjHGHIvc1gFl06t0WfK3sUfGWZcOUe%2F%2BT5N5ixrP318gq9onmDTqRe0k8XfhUk0mkr4SJhXoTg3RGs1o%2FqLuluxa2lCEGJFU3UzeFkBXkJz3PP8SxzbIqhDff2P5q%2BfP6XFBWGme60ntZp9Cl2VKd2CxrY2aCVxITa50ocQOUByUDHCVYlLrxLDi6x0H5IWfJhNg6rce62n1tfkK9NaF5S785TtQnRjc1eLZVS0qNw8OjY4MxSdgwv7F7f3cr64NoQHCUg0leotjR1lS%2FZZbMRBxIu5nqr4OO79fkBtmpL095%2FxAmwqZuXO1at7y5hF9IQwGgIOAEPmuIfqOh1g%3D%3D
86,https://storage.googleapis.com/sentimentanalysis-7ba59.firebasestorage.app/Women/pic86.png?GoogleAccessId=firebase-adminsdk-8wait%40sentimentanalysis-7ba59.iam.gserviceaccount.com&Expires=16730303400&Signature=KtmxjAlgbR2mcahJM1%2BQo3XuOxP3p44tlIA92s%2FYdoXGIau5bgPneAImOtiwZwhvdZ6GlA2kzIWwABg2sJDl7cur3PeVvH%2FcQRlBZ8asKctOcQgNA2VvsA%2BSavohNTRVgzUzAI%2BtItooQkATgkv8J11HZN3tNJkn8OmPscwYzN8IqHLDsVBporTX8GufNy3JBbTyKISnyBGD7NSwXu5oJF8dtbILgGmiHVJBgN%2FsONLFmQjw8vXKiGw2TZ3sYcI8OpRzMnmMZ8ONDoaF%2F70tiV2GbyvPRXx%2FpuXyoYAGuqw75nuhNWacMt6ACZ9CBRwWn%2BZc7wBgjAmamtkeJxbYJg%3D%3D
87,https://storage.googleapis.com/sentimentanalysis-7ba59.firebasestorage.app/Women/pic87.png?GoogleAccessId=firebase-adminsdk-8wait%40sentimentanalysis-7ba59.iam.gserviceaccount.com&Expires=16730303400&Signature=DuOgjg%2FEL0vhl6EApRRI2sucCU7owEOBKcjVZw24lZh8scO2QJkKgZI6vDxVWhmJcx9Muj94nj6ZRd2U0ZC83v5N3pNCCHdxQwabqSxagJ1s0mAvD48%2FrLwWySY%2FtQPdgxkC90nsDb8DswYHDqga1vSU0tWzWysEO1TvMt6fN%2B6CIreqUoZw%2Bgf8ap2aUNllhS6aGtPhrf1Tt1T%2Fmp%2FRbTnKp3T%2BzatbRPCnHQ3ieQHZN1TRWTWKMDd5YU4BclGnDTh8VmbBXipi6YZ5tKPoTnsxWOHOqvL%2Fs%2F%2BBMj7kZAl%2BVe%2FmOqEXWc%2FnwYRL9LdhksGhYcuDllBi%2FvgM5DhybQ%3D%3D
88,https://storage.googleapis.com/sentimentanalysis-7ba59.firebasestorage.app/Women/pic1_women.png?GoogleAccessId=firebase-adminsdk-8wait%40sentimentanalysis-7ba59.iam.gserviceaccount.com&Expires=16730303400&Signature=TYwpWI1zaD9oAQjt8hlT2qXPqqoAQtJbEZ%2BVSN7WfPHg1AaZ7tg5r26OJMmyFnBHl3BpG9%2FIY%2FtvEYz8WzDtjbw04ogTBWqTurZfCiOoix4OxC4KADIFSvPdHZQl33UOYNtYos6SwvFijYgWTAHGP7M68ctAYRL8gPax31%2B%2FjacegHNRemGJooRaah0tLJd8gDWBlaagI9J%2BWbPUZ6hmDHuWYClZS%2B6zzUAtisTcRv4y5qTFms1depZpHRwZ9DQUnqYdOqGtFprmvcyI8OWjYbkWgh16qqi0jObdepMmW7CKnyqt9lWjXZ%2BuuDzaw%2Bfpvptx6YJidVrQCiR8CJRb8Q%3D%3D
89,https://storage.googleapis.com/sentimentanalysis-7ba59.firebasestorage.app/Women/pic2_women.png?GoogleAccessId=firebase-adminsdk-8wait%40sentimentanalysis-7ba59.iam.gserviceaccount.com&Expires=16730303400&Signature=EKqhRw1GoRFtZnaicaQZURRIOwms7GLC2%2Bx%2Fx5o7%2BaHAa0K2%2FUYvDty5cDN5aD0gM%2FKObPZXKIdOX2fIoDxRk9oTcI0yETCehjvSWWEM6AyTk4tN39pEZVm1M4LKN438ic8N1PXfpdvCDDn%2Bi18UWkYiLHC0Eb6CZVUbZ%2Bqq6dDnwA07Iz%2BaJOelkzvJuIuVakznENCgF5lGOdXGUcgbsyF%2F3jwphEO6PJcAjb6FIccmBWiWOwMy%2FLIjKtnJkNZo2KiPpNnSfvEl3lJZA348yV3MUiy1Y0Bw%2FwLmUPK28rX1BDi4HsxqFkC0bXgdriNFCkXbUxt%2F%2FO41JEm9%2BYR5sQ%3D%3D
90,https://storage.googleapis.com/sentimentanalysis-7ba59.firebasestorage.app/Women/pic3_women.png?GoogleAccessId=firebase-adminsdk-8wait%40sentimentanalysis-7ba59.iam.gserviceaccount.com&Expires=16730303400&Signature=Etgj78chkjFOMrcUvOR%2BL7Af8LmVx6DEDe0wNYK6G864g2VL5MUH91GaDmUVv3%2Fs0J%2FxbcOO6MEzg28CVKqWuHlyL6wMcRbsYTcnYn%2BnNZHuLWnfLAiPJWCA26ojbCwUxkF8evRbMO9AcIMk5uhWAss3XSXow3WRp%2BLMvkrx16ezTyFPIbM9uB853PMLnJGwTblpDVZd2ifS7Awmv%2FLLoXwsYggH%2FQnNDGHtOgTC04nwTWY3DKRt%2FhNqn%2BrlepWbpq38TYYu%2BjPriFj8UTIJgFGlx0BLiKxKjJnNOMWhSDEV9n9%2BZpF%2F5RkXCCXqnmKgUrE5hCNV9dDQ8%2FCq202mIg%3D%3D
91,https://storage.googleapis.com/sentimentanalysis-7ba59.firebasestorage.app/Women/pic91.png?GoogleAccessId=firebase-adminsdk-8wait%40sentimentanalysis-7ba59.iam.gserviceaccount.com&Expires=16730303400&Signature=jISsdQMOxCqCRNxm5Cd9IPt5Z4xQOpJKZq1C%2FOY1UeSb8CiRLPS9zDHk3wnB4ZjNnFxMFMZ84u66kRm68kNpLFRqDL3U4OJCBuwmp7f7vw4bkqD61XWUjtipzXB5AgpiSjWY4V9y5XD4TSJDIvPhuzfjpj8lO0HayJ7HNDvmTLZOItTbnusLMpq1%2BWslhCK1P%2ByUcHD68DCxweOPFp%2BxgkqoHnJEYEqHHqOBncJb4tI%2BTZojq0Uj%2BgUim%2BDTgwI5pxCFpkLjKb%2BXpqGj0fDmJsRrsa2v0b1gqA5tUaJCJcdVTuAGHaGmVKH8E7d3Q85bhZBos6YPnO3t2s6WFY4Scg%3D%3D
92,https://storage.googleapis.com/sentimentanalysis-7ba59.firebasestorage.app/Women/pic92.png?GoogleAccessId=firebase-adminsdk-8wait%40sentimentanalysis-7ba59.iam.gserviceaccount.com&Expires=16730303400&Signature=ptNSM7Ct1YbObNfj70u8hFIoSNe133hk3MBL1ioyTaPD99xgW8mzu%2B%2BD5PCfpWzT7HWyAAjpgJ4qZtUwfswPvkwbQaPgvHXr4vxXHNzRCMsN2rHwlwMsGR5vQVCioTv%2F9IyLdzBEJap1KkVUPb%2FFDHla%2Fc2cPY4QunAKhHei8z0pMvtc%2F0FwMY%2FXe%2Fb09X3Jj68sWtrsw%2BamDx%2Be0guNj8wS1XGI26PpIVhuAMpqU3DqcRbLjKVP7S7tNnWgAClwq1GYkVCflmB3n9KyteLfcc5MYzOJnE5Wphfx8a14EN90dj4gNlgPJmIJfhgwWJNzuB5rlz2JaQ%2FC85dEbUOrFg%3D%3D
93,https://storage.googleapis.com/sentimentanalysis-7ba59.firebasestorage.app/Women/pic93.png?GoogleAccessId=firebase-adminsdk-8wait%40sentimentanalysis-7ba59.iam.gserviceaccount.com&Expires=16730303400&Signature=iye%2FQcAAzFawfvdeVuN82f5pyr%2BhHtVbaHDPE%2FLXt8juFjR%2BjtyxxtuT%2FgZz4yKE4PcPSY5aBo38QnrJO2netKmQgo7NMyN6x4N2p28tjnohO2qo92evwLE2CmyhPgitrIgHzdzCGTzOotyNvEYLlys6pfwD94%2BoJnjFHrn%2FlRqKGWsxBzMoZZc83rhl%2FLkyPJ1hj3fj1ej0blOR7lxVpNR9zXuvQkF7EJ0ZL3rlG0FXtZRMiwWYP%2BCA8W80N1%2BivwqSKfDayW%2BDI1jY0%2FRcZIoBzxgONLOkrk9qzRoAZU7IHrduqTABMZeis%2B3uCAXTeiZqO5BfHkIDF8xfgUGIUw%3D%3D
94,https://storage.googleapis.com/sentimentanalysis-7ba59.firebasestorage.app/Women/pic94.png?GoogleAccessId=firebase-adminsdk-8wait%40sentimentanalysis-7ba59.iam.gserviceaccount.com&Expires=16730303400&Signature=cfbQKDpCZvLLtZ6bPJ8L%2F4GmZWocrOOEaSdsOI4pfxRGkzCcbWtBPV75e1tDgk%2FwVDMh03qWj9QI4%2BlBKVmGsKH%2BWvtdXbZQV2ewwaZ0tQSWGzZrJhOoYqxoZaW%2BdccgZXpeG2OJgWhv6DxJwNtx815AjumiNt4NDxotydMtwwKhDt8FHBV5YnCVQiV47xseakbCF%2FzMyZ1Tj9vI%2FCsMJKqSPEuGC0Zxo7USuSce6Sh%2Fq3Ca4IiQvJ4rmFVs2evHf4iwtalYa%2FKnLY%2BLSwugVJBNcoKYSyposKaDQjDNTzMlhNAAmBKVnbeDqTm05i80CM1wK18Y5i25N8ytl1EqKg%3D%3D
95,https://storage.googleapis.com/sentimentanalysis-7ba59.firebasestorage.app/Women/pic95.png?GoogleAccessId=firebase-adminsdk-8wait%40sentimentanalysis-7ba59.iam.gserviceaccount.com&Expires=16730303400&Signature=G0O86JFAA9stJr%2Bhsd8g1Zf0SNFOplvPartQv8r70waHYHcWnHSVMp3ibDciG8iUCIuS%2Fbq%2B55fwdO4lGrE4Uk6V4s%2BGyJdrJFwyGzjKWcAdjea2Y8VGftFJuMAwcIzWBQ7bHc%2F34MiTWGP4hTanohSH48g66qOOdHATKm9R4z5piw%2FXzYGPqwd4yYesda0nzkXQcchzjrBOWw7IrowFJH%2FjNYHQLugjy6%2Bu2gz3HTYRdvhkRQIErzz49yyyCbsOOmvPv2bSHV4jwo%2Bewm4MFG1q%2BIJOAP6fO9VPWALWSa9WJzqEM%2FqysttH6q35%2FWjCGc8YPE4uKcljiIOx6cVz5w%3D%3D
96,https://storage.googleapis.com/sentimentanalysis-7ba59.firebasestorage.app/Women/pic96.png?GoogleAccessId=firebase-adminsdk-8wait%40sentimentanalysis-7ba59.iam.gserviceaccount.com&Expires=16730303400&Signature=rf6UAULNJpayne2SicRuSLFC0WGUsq60Tm9o4mZZWD1he2B3YPLArMMMBVJ1y%2Fw90CCIxs48frayDmcT6n6BgWVWYjzEEnlENXb6ItIsUUpTSgwY%2BGqlzAzIsfRhkHjliCbQ18rt5Zk5vX7oo23G89VAV5%2FcWoe5uayYoeDBbXM2YUCgFQ7ZS0NwwF7tEF8GdYSJBMgCgYkzGb50BQsk42zGRUW8J7MUZ9iK1%2BDzhyxI5rb3SbwoeAmqWPnu8BFikgxlxbfPbYyhc7yytX7B9%2B2NfeRxBfkM3af2eetIXuQ%2FenRy0DUtp6UVVSkQDhUCQe5rtfEqCpPt7Ds2mfLq6A%3D%3D
97,https://storage.googleapis.com/sentimentanalysis-7ba59.firebasestorage.app/Women/pic97.png?GoogleAccessId=firebase-adminsdk-8wait%40sentimentanalysis-7ba59.iam.gserviceaccount.com&Expires=16730303400&Signature=bHmQvrAECNh3xXtcwiC2MJlSdmbj5EFj%2F%2FLvcm8R83I7%2BZqzW%2BcEOY2dIU%2B5ur23sakZX9bIc%2FHDlaRLnohD7Xs8DBXaHjAWNB%2FMzICH7wXN6z2oc2DCdxP3o3oxEkD0UZfYDV%2Fl75wLnLDhnFFp9GQyKCHfadQ9JGXYUSb3tQVxz9nsAkTc05rYl%2BnYWf79T%2F%2F3wHJ8EWjHQ8NtxdREZBWK0H9HBQh81kcp1EtyJW643cMKVe9G0qk%2F8bqcvXAexxjvRh15LocerS8kcWKQ9IeYqvz2fGOUvD6Jmz2ni1JnkAxcpGVdWxtf3R3si5YEGyykGJVLvs9t8sqjqjLYFg%3D%3D
98,https://storage.googleapis.com/sentimentanalysis-7ba59.firebasestorage.app/Women/pic98.png?GoogleAccessId=firebase-adminsdk-8wait%40sentimentanalysis-7ba59.iam.gserviceaccount.com&Expires=16730303400&Signature=kVfkGaUhsvYdq4gUD%2Fu8lCpU%2F3xTHXIYisH9JnUXP1CDvSkb4zF6clvIl7%2F9YmqW9zD%2B4bKI1BsI35DccbpbYq1%2BDKw5nRHN0F7sTGYJoX6cqhCt7GlMN4jCXPkRE7lsifoNWdIetMIFk4xI32kCJ7cOBYZmtFqj8U971lBmDCeuccDDHXT7aRyG%2F050q6gB%2BRxjuuTjQfqqcf9XETCHoyWt02WM8RIVk9S8gJ4szb1HVZBR3CQ3V6BWJbvEq0ZvkQjW8FLESvHx00IRw36F6C4rPZVuGr7WS%2FtjocsnYwbgS%2FbVsgzr51JdVJxBMJQWzODgFcCyajLELPtiGuJsIg%3D%3D
99,https://storage.googleapis.com/sentimentanalysis-7ba59.firebasestorage.app/Women/pic99.png?GoogleAccessId=firebase-adminsdk-8wait%40sentimentanalysis-7ba59.iam.gserviceaccount.com&Expires=16730303400&Signature=cUz4IMMlgYYcA8GlSSfejd9M20QNLLKfqPpgoi7p%2BYrIC3LyPdFMbw%2BwSB9o4My%2BYQMQgSW9EIgFPM9FwhnbAVH9pdzR3erKH2M8BpBtKxwR0AiECTPeLEOIOpbM%2BUx5RwOSguCkNBhLsfn8PGl684Fa%2FpD2oJ3PZ6yTINgnepdJESL4PHoi5zr%2B%2BfnA9gw8V9MWF3vQxDhX70R7Jh3N2q3bAScvw%2FU4rfY3XOAuCPBA1d2oWY5NHUaiB5VcJ9RzljeErqn18S57ex1mWz59de172moZd1rvRvyL7cRB5CmVaXmCkSqAaBywa6vtkzQyEZy0ZnzNiqGWm2abpvxEGg%3D%3D
100,https://storage.googleapis.com/sentimentanalysis-7ba59.firebasestorage.app/Women/pic100.png?GoogleAccessId=firebase-adminsdk-8wait%40sentimentanalysis-7ba59.iam.gserviceaccount.com&Expires=16730303400&Signature=O1ZS3uJ32fXWBObMgbSDKDcMY2T%2FjNxi7DqfJSdYexYhkTlz2h4rFeCxcFmtxTMVi6MPfqwESSn1TTnY9%2B5yWOmAc2xFTkTJvZZ1XEWMVDJDc%2F0m0mWf4h3i4DZbIe%2BK2%2BGAhnZey%2FiH7kLXdI8R7Ou4wuz65ScDylwjkXFVnILMYiTqRYcWychGXU4vz0S6jpI7iK2lkQAZmrVeBKMrpGuTj5UdluXwzyKKCBy3DGj6eiqo0F6zGR7700%2BdKYg%2Buh4phrfB0U9Ob6EXxH95YNQgAiS%2FtXCIpImsy%2B1UP4rj5UCmJND8hZ08LNErdew3Hx3cEsPEGYpELeuDFjU5vA%3D%3D
101,https://storage.googleapis.com/sentimentanalysis-7ba59.firebasestorage.app/Women/IMG_20241224_145848.jpg?GoogleAccessId=firebase-adminsdk-8wait%40sentimentanalysis-7ba59.iam.gserviceaccount.com&Expires=16730303400&Signature=JJdhLgC6gXUNw3mJOlVtDKgzcpTw8OCL3MGUx06Otum9MNoCOBTDVOGZfhu%2BOhz7kppG9DjHEaC0eOniFf0KA4EvSKYuwK%2Bhiv7A%2FHBj6fOCMIdhv8%2FkbT6PUdsvYHmquM%2BhQgT4lpvyNaeCVjEkX5iRepQbMC%2Bkbbmoie1cznUiIibLJE5A7m9msqv1dLhA5brC96cwXSP4LoecU0mTtA7c8AlN4Kry7ahE8OKQVhYa%2FxBq1gKDPKtW4j3Ipadp2JAU1rd%2BxJdtdya4kzNAPdpqFFi%2FYW6C8h2KOEAbx1V%2FzNNjLgfoJQpBFsEX7ncXaKvUfiQVcz3YmQ90gpPlkw%3D%3D
102,https://storage.googleapis.com/sentimentanalysis-7ba59.firebasestorage.app/Women/IMG_20241224_145832.jpg?GoogleAccessId=firebase-adminsdk-8wait%40sentimentanalysis-7ba59.iam.gserviceaccount.com&Expires=16730303400&Signature=nudMGBdJTa1cXOcimZ9tNHo8m7LT2%2FPIcR0eBircm4xE2j3jF%2BMIo6GswEVSKPH1UQc04KF2SgoIXbq2UHu%2Fu4uorfnehQ0uBlWJCpgWvP0q2i38sXsDNj4mqekbgrcPeGaGkIh50uu4maNFlhyaBCqhch3hT1X8QNKhWn84uXEEBxRvDRxR3j3ELy2mXsskkhUtF5gF4L7uDsAbVURPzCC4tmTNifDMFShuHeAiW4b0Nf7cZiWg9isCIvSRaizVn0nTBvQmmltYsZ8QsyytBbrEdiCsnPFRbxJrx3xgZEChcjGDj6p%2BzcockuT5xIpj8FCwPwS8HTiHCAcgJPsl0g%3D%3D
103,https://storage.googleapis.com/sentimentanalysis-7ba59.firebasestorage.app/Women/IMG_20241224_145806.jpg?GoogleAccessId=firebase-adminsdk-8wait%40sentimentanalysis-7ba59.iam.gserviceaccount.com&Expires=16730303400&Signature=rMx3tF1pl1RYlKECv3%2BP%2BQecZ7yLo6NyXK%2FXYyH5ulaWujgschd%2BHFHjNmr9qoX5KfkEsyvQLv1OLaUzZ%2BML%2BuGs4SrSg2UCR0jrumbq5dqY9fe51eEu8UBbD3jdNINvLgU%2FhO04Vy7VouVbhzeRmuvM3mj5ESrO4cbNkIBYVtRVjnZcMpdT9%2FK2KzKiwY2AOALi7jSkq%2BtM6JW1EvepgfzP4xT2R1G4D33jf5W9wFPe210jqZTFGvL1KOyFwdciXS2yNsTdqEbsOStUYO4VIVKBnIivQogY0RY4AAvq2P1IjwcONB6KTiGGIMwSYGRZYE52LStVlbNkawxryOq55g%3D%3D
104,https://storage.googleapis.com/sentimentanalysis-7ba59.firebasestorage.app/Women/IMG_20241224_145723.jpg?GoogleAccessId=firebase-adminsdk-8wait%40sentimentanalysis-7ba59.iam.gserviceaccount.com&Expires=16730303400&Signature=h50aDAJIWSGcvxd9NoMmkXlupTnJ1AI1kUFaKDsms88JutuY0h%2BAmh%2FgeiMfDWL4tLT5yEhQ2MgFI9DVqeVduaOyVGbGR4BOgxurxhRlki9pWxn0YK786vwD4zKdlWHJuh7nTZCpyPm7Vw3TBt4pp6kXCgC6ULDI%2B%2B0rmpiNkWZApHTSNJEJici1GsbJwPHS%2B3oFDBcRtxCDPKRXKJ0NbuV5egnV9eL8CQg3XLXpq5WWgohaiI2irs5o6OW8uPZJwk0Jrh9pqKJKUsRMvK%2BiPXuOxTFIA%2FLLpu0uBpG9S1Zhti8XY85yo9X1wySClWOE67Uo5%2Fm9YBcslPIcA9nbJg%3D%3D
105,https://storage.googleapis.com/sentimentanalysis-7ba59.firebasestorage.app/Women/IMG_20241224_145708.jpg?GoogleAccessId=firebase-adminsdk-8wait%40sentimentanalysis-7ba59.iam.gserviceaccount.com&Expires=16730303400&Signature=ox0Ip%2FbvMuS4ah%2BeKsSpIe7VI%2FbNqEoxBSn4vH3%2B2XGimxsfN89uzZvSz%2FpdA2WzzvSRHuLhZmQMl09CfVw%2BzBXNqw2ZWHEvd6u7xWMEf19%2Bup4rQghVsWvEWrZrs%2BPP9wY70vCpqMcOUR1ov7PbEqqFncuPsJ3QxxfRGKHwMiZOkAgnTwoEQIVukYWlemErJ%2FyDZHBl7GJz%2F%2B8DqcGinGHzYaauqcjjt2STmPVg%2F0UbFK0AaCJpvVYTz3%2BYmIBqWzLfk9X%2FjuR6I%2Bu8fXcojXYnbJOnQf5iI5rYp1YUaP0rfaCF%2BY2Pn7HelkpGVG8yqvQyIhWv0HNavjeRwNFL7w%3D%3D
106,https://storage.googleapis.com/sentimentanalysis-7ba59.firebasestorage.app/Women/IMG_20241224_145628.jpg?GoogleAccessId=firebase-adminsdk-8wait%40sentimentanalysis-7ba59.iam.gserviceaccount.com&Expires=16730303400&Signature=tj7Zk1xC3TEteLQsAD%2Fp9NjoG7qiKIvF3%2F8V1T2ws2GoGv5%2FoIVaQgg4bnTF6y7t0kxt6Q0vmaXCu0kn1r3t3G9ZXpV4fikiYYnCDTaIHdwfpgqhTLglmauMy6dkU%2FU8brzIw7fMqDyMf0DDV3d0hxEyNZmfYg7lr0EI0XCHWfwmPb3CW%2FYmg%2F6v0N2CaVVbziU%2Fwfr7xenSLLAsedVOgIN1dPRKf4nrUUBSYSCYnFXoFWPI%2BYokiYANRqoss20HPuDBhxbqc6DrxxMwgwCS5sfWeBEtSSHM9NZppFNfo6iDJ7LN%2BU0ClabF6BIr%2FmDAHxiu2Emw%2BFxlGI8nIn%2BInA%3D%3D
107,https://storage.googleapis.com/sentimentanalysis-7ba59.firebasestorage.app/Women/IMG_20241224_145648.jpg?GoogleAccessId=firebase-adminsdk-8wait%40sentimentanalysis-7ba59.iam.gserviceaccount.com&Expires=16730303400&Signature=Wj%2Fjihhbs68hv6yN021EKfzZj%2BXla1QTztKixomhw62cwgD3Q4SOotKiGnRMcxkx3minmDR%2FWsvAmihTv9WPormS3TJuJLR9V5mwVLGQL4GJOXbAAUlJ1d18xiKfcuxxzMjQhl9TxHHaXwM%2BQwuwEL5VWfQ8Le8%2FknNmq%2FNBiMtVK6sJjgdbHtNeqJjuui2lSXucJq9oWemIekE9Gj7TVhfQzyAgq1KHA6pQ7kzINZiWR4w9WMctQl9HWrORBCznMZccrGp%2BQqBOAPe%2FDHDMnbD1PMNbAH2S%2BayKz9BPjIGICPZTvUgJokCnokTq5jpGMcLSxIhkmAyTq18byIiT5Q%3D%3D
108,https://storage.googleapis.com/sentimentanalysis-7ba59.firebasestorage.app/Women/IMG_20241224_145428.jpg?GoogleAccessId=firebase-adminsdk-8wait%40sentimentanalysis-7ba59.iam.gserviceaccount.com&Expires=16730303400&Signature=WXEJXjVxrqGzzG1c0uRPreA37P0L%2FeibbTJsbxaYsq02pm62281c44LTNHyyd9IBF%2B8MvQinpn2fiQNfUS%2FsaTl83bWxFoXs5XbfDvMyxUEge9RL86%2FgCBZ6mxJgCWvijik0Ewr8SGVAffc5KNGF%2Fn%2B1xd4lw3Qt8tLVqqg07Ekoj9Cxgbtqo9I9auAyU46nlkmz6iJ9mZuzhNYhwdY%2BEyF1I%2Bd6N1q83s83c0WQwVfFZ47jKRJXNVI8fkr94gtMILsTSBguELB5ZhGC32gGVsQhKmaJVwkcyOsNtijFmo2ZibDgxASjyra1U2mSCfQzilunHpuMo68g2393zWQVZQ%3D%3D
109,https://storage.googleapis.com/sentimentanalysis-7ba59.firebasestorage.app/Women/IMG_20241224_145411.jpg?GoogleAccessId=firebase-adminsdk-8wait%40sentimentanalysis-7ba59.iam.gserviceaccount.com&Expires=16730303400&Signature=Iqj1YwhNEC7AQzOYBSuPH2cAJMVJ0Mdeed3FgipDfKvV%2BVX0Maw%2Ff%2Bbxjj%2F%2Fl0y8qyl3EiSRsy5SNvCt9VXsEmQWXDsreVaC7KQXQFgAN9Wu%2B%2FRLso2WWbFfft9akdSs34W0AlHzYBLAmmB%2FC3yUh2Ejl3Bp8GRdVPNMV73bxkdXXed8nTun13t1gZJWJN7ItM62rFoim65cp8Os8OzKoqGVC7lob%2F5klkG7zzU8h3J3hm3dN%2FLQcP4WZ3i5jJtJJ18%2Fsvp3MDrrLxUkBvzGvpk0xOzAsamlVV1gm%2Fd4VLIYR%2BVX%2FVxjqXKikZZIm6gOsJ%2BYIGsCgmN857qIwKEdeg%3D%3D
110,https://storage.googleapis.com/sentimentanalysis-7ba59.firebasestorage.app/Women/IMG_20241224_145447.jpg?GoogleAccessId=firebase-adminsdk-8wait%40sentimentanalysis-7ba59.iam.gserviceaccount.com&Expires=16730303400&Signature=V6UJAQnftcfvLdbXobjhdhUxC0bP0BcrNHdGx4l%2FpgIb7U418oQ3DrJtxmnnBh6ejc%2F59Z62EbxREvJyFB2gZ2GXbNSdWFuNzfezKwKeLB6%2Fp014cX6NMfAnZ7Pyvcl05vUMSJwoGm7fUNf%2FoDMpjIYaOoh6Tj7cjWdvdqSepeOuKVGWi0w%2BLdimgsCV80XMxtY0Vh1rx8m1bHpESptFqTUalEjaFigrtNJ%2BLNX0cEZ5jYI4aGzJ9mc0K%2BAxPui1tWD4J0e9tleTsMVxodizMg6IOEX3PFdYCdxA9tJyvhMRAQeixheZmZ0BDirRnNf3e3zdCxY6aPkEg1wlcvNhdA%3D%3D
111,https://storage.googleapis.com/sentimentanalysis-7ba59.firebasestorage.app/Women/pix1.png.png?GoogleAccessId=firebase-adminsdk-8wait%40sentimentanalysis-7ba59.iam.gserviceaccount.com&Expires=16730303400&Signature=jTT0yIwRkznWd17HMd5fN808zVoyKzfx0VKNOjVvZsZx7J6dpVZlL75aCUVlCWKfu9TFO%2BkeXEc%2FU66v08kHRkfiI6EY1BLeAeB3F7EGUBBmMKcMjY30WyHwONkgQAdC48xegZhiir43xDBByAczlzJM%2B1Wj5nhKTftRzWqBvqq%2B6KSY6NlRiKOTh61vg9Rn0AEmEfQNiwB0veoxZcVCrejKbsULmSIQ2HZ5LMh6wE0dbBAFmXbERGtRdq7zvt8sa5zE1W%2Bw2oKNvgN7O3VKeTGGdRdvwKjlhem1IFW3nAWRNfxrDApKHeH3wgR97o8zbXf%2BBukd%2BhLlQG8SXFgoGQ%3D%3D
112,https://storage.googleapis.com/sentimentanalysis-7ba59.firebasestorage.app/Women/pix2.png?GoogleAccessId=firebase-adminsdk-8wait%40sentimentanalysis-7ba59.iam.gserviceaccount.com&Expires=16730303400&Signature=kR%2FxhH87%2BEx9L1p1NwNupEbx9cNMlWRA7zO%2BUGE4H7tOxEj8mmLIca7G0ex6ZDFX3FdLHxYb796vL6VNcvoiNHF2YfzB2bJZI3ckVRqu1TxR6FxJiJCBov3Vd9e6D8HpAKGaN1SEzcptxsJdRD833B%2BMPRTT0ZkAi6qzMuh4MHLL6w7rz3bO3rSkKfoDXt%2FyD9Gq%2BMLXFl%2BYTu8a6C5rG9K0iF1VyJ5enzbZSBaCHjmdHPepX1hqWHSZQm85tTYP4mIsFRDK%2FqVPz37tN1DO%2FsrUd1F2s4rd6NbDmuiEibAs18c0Q3c%2BiWY5QviNKaIQCYHJDX7%2BxmKq7usPmSeEDA%3D%3D
113,https://storage.googleapis.com/sentimentanalysis-7ba59.firebasestorage.app/Women/pix3.png?GoogleAccessId=firebase-adminsdk-8wait%40sentimentanalysis-7ba59.iam.gserviceaccount.com&Expires=16730303400&Signature=imQ4TAtalsDcqYANiQ%2FiiU1IhZNkXI0lbh2lBYhsPOwI1F2f%2BSt5Rut1wML4v2mDISr3FeNYO1AzR4RAxA2INn%2FPJVbsCesRGkjPqJVTH3OGkkbcJ4mNndrlSIdoYLEpkb8H3kV6WGHSYOiiEUu4ngE2BhkrkCiS%2FwL9e2EVZ%2FosdQ0n092xiXj9c34CoFRwZOzk63oX6y6XI2KE265HKSkAJnnMQrSW8nDAEeKuGTOQ6hI%2BLrUEUZedMreojakUZbBsKPR71%2BXIRvb1KCY%2FpBrxW0eYfs75rS69%2Frwo%2F9NrmdIPOKIqsSd%2BfhCz0H3u6P2l%2FeNTQjNlfPreqkGZ8A%3D%3D
114,https://storage.googleapis.com/sentimentanalysis-7ba59.firebasestorage.app/Women/pix4.png?GoogleAccessId=firebase-adminsdk-8wait%40sentimentanalysis-7ba59.iam.gserviceaccount.com&Expires=16730303400&Signature=Uyzqzd0DDiRn9dYPowOEss3QShRLUaye7iWSk0Fxe0TTN51r%2Fjpy4ZJFqrNRsTCeCeKcSw%2BId3I3mxAxfEq0TpUCjpbzBFpiSb345VEbGBZLWqjHlHg3IaHh64pewtduTnlICtWF6utDqjdNKiGurSUwAA%2BLp5D0QfAoixbdcqIhJqP8eVk0iznZpObRDEut7jVUVmaXryBuIIWdm64eorVBin11eDIfx0U24NkmjsbOW9wqiWjJMgI7dIJBySwD8THDa34zoCLxev6NNfRcUOIT%2BwcAlZGaED0m2cQ%2FrMrL5cJcatkOitwyO8%2F9tnzM7MewraH94PR2ostXwFsHQw%3D%3D
115,https://storage.googleapis.com/sentimentanalysis-7ba59.firebasestorage.app/Women/pix5.png?GoogleAccessId=firebase-adminsdk-8wait%40sentimentanalysis-7ba59.iam.gserviceaccount.com&Expires=16730303400&Signature=fLWTm5hSX4YD%2B8zkbFvfGDP9PQrheliUGQLS7EZbZizpMIbB8sTv2Ww4bCMggOt2uU2OtOdTcLohZesz695BAt7wTL43WckK0cD6cfIj2iwqCOFv0WdEBYiq%2BGFaFO4%2FRBVsF%2B4JyGrmifm%2Ba1VCevO%2FR%2FE1K0JtAX%2Fy3S9o%2FjkgTTgSdZz5KtzXLR8wDm62qBpcGF9gn583bW1KbBYfmEWz5Z6AgpIlQzKeGb1gz66r3Bdpsq33XVBCoE3eZbVgGZPEXLCf%2Bp8O%2FohzxF0bEnYpt0gd2sYrBpOV86de3RUkajHLLJ1vjkXs9QznE9Y%2FceXoGEdh9xBFGZkfwiALKA%3D%3D
116,https://storage.googleapis.com/sentimentanalysis-7ba59.firebasestorage.app/Women/pix6.png?GoogleAccessId=firebase-adminsdk-8wait%40sentimentanalysis-7ba59.iam.gserviceaccount.com&Expires=16730303400&Signature=jKXUW6l4FByXvnp8KBJwOnTPI%2FB4sF3m%2B%2BTrUMjDfDBjDdMkWEzoP794spQUNFZZxw5d%2FKfFNvhU1YpFKszMUIUJE1f2bWn%2BnhVI6MrG9fr1DeNEDWbPL6h3b5JDFPD4BLanx%2FubhRZ%2BaVWIG00nH6o2gMLuI8lXnm1l3xrvtz5vi1bUPeKV1tEVaCblmcpwMGSD%2BPkit0umF%2FzhQkoI7piGjnyjxt4ueH%2BWaRmz7GLdDSWIh%2BayUPDSSD2DS5ZH59OFuD35WAEXZpnKVXgp4cM3SLLabpv5H%2FYHedmJerQl7b%2BjeAzedgvRpRDbjCx6QMJXxSEWgDpJ7IIYTLzO4A%3D%3D
117,https://storage.googleapis.com/sentimentanalysis-7ba59.firebasestorage.app/Women/pix7.png?GoogleAccessId=firebase-adminsdk-8wait%40sentimentanalysis-7ba59.iam.gserviceaccount.com&Expires=16730303400&Signature=DlN%2Fm7MJ6JX2NAuwlHWy49S6fYn8QFbY5cPur2T7xRJduKq3e2B5Hac%2F8CFNfX6feosnbQdWUwo1D31wxdViQnc6f3F8%2BAYXiDqeZrnE%2F1UFLDeZ1puJIRjNVSi%2BdM3kL06wXFmEJkiNJHA262kKLKxKGeAdBHgER1f45IQFtx9ChDLHxQskWV3te1VUuCuseqbaj5A3HQvdUYEux%2BHCPBngeqqQg%2FuYeEQ8GUOQafLCeudl9n7cLDyzGxKOxsix1jdnq0vpEdhDdztnPy%2F2MCiurP1LgDplUfsRXwov3Q%2FwcoNcFsNowKZfzDfCFKFDQZXBUskZE0JYgQl9jNI8ow%3D%3D
118,https://storage.googleapis.com/sentimentanalysis-7ba59.firebasestorage.app/Women/pix8.png?GoogleAccessId=firebase-adminsdk-8wait%40sentimentanalysis-7ba59.iam.gserviceaccount.com&Expires=16730303400&Signature=QTIhWsAboek%2F4HWtcXwoPopne3cP20dyWwyOGUrhYngVTocyTSMDBNAG2a9L4nL%2BudUMlGEHFsVJLN6gUniUNeHUOksbfhCppZAANOU02SQzrMniZvZg7m%2BkfzKj0Qm335nWq9PzO%2F3CWZTif2A5kPCgiQx7%2FYR1NZboUfuD1z%2F4LtRwqyv5CiZdNUIR7k12InT3hcNE1x9Fe1pdu4%2B4CdQ9BeOXDPKDzMJj4%2FpgzVKQoQWiJtD4TgHUdYS9WYv2nN5lqDh%2B30KqauHgpDdn8LHI0n3B5eDawS2XQZOEh%2FJDGULzLSUuwPHNHXz%2Bp6jmssD9qul%2FcvI2GaQmuZctrg%3D%3D
119,https://storage.googleapis.com/sentimentanalysis-7ba59.firebasestorage.app/Women/pix9.png?GoogleAccessId=firebase-adminsdk-8wait%40sentimentanalysis-7ba59.iam.gserviceaccount.com&Expires=16730303400&Signature=kCxj7%2Ff5o35X693CL2CVpWda25PyYjWZ30fkOjDMlK%2Fe%2F32wGm1Yn5f05YMOchZBFlNp0PL054a2GGisy4nTr7jwZkve60oJ2Xorf37Ah2wKGUNVy%2Fd7GC%2F%2FyyNwzVsnKPf5AFqKXPTbMT1YjjNs4Bpxxr3V9HYW1dcmmYOTFq%2BPYNBW1%2F%2FQlTDemy72FXOyfYXFQZabN5D%2FR8lJ5bB2SPEhIr9iz21AJ0eEIgVeFuCvNKKrKVIfHequMQ1BV4XCAhSjvQsJhQlIb7PrI1U1wEXIcBQizv9kgjuQtvZImdBu3pBaPrDQd1VbeOQ%2F5LKNtuHMuggPHQZkzuMwmCVLIQ%3D%3D
120,https://storage.googleapis.com/sentimentanalysis-7ba59.firebasestorage.app/Women/pix10.png?GoogleAccessId=firebase-adminsdk-8wait%40sentimentanalysis-7ba59.iam.gserviceaccount.com&Expires=16730303400&Signature=Exlhi7N2CqYVWALqOUEGImPHX6zeq1SL0xQvhFs8NL%2FkTo9uo9EVp2WrAShXsA2grl2AyMkCEePFl%2B3e2zYgkkKvusZypmsR4U4Fdjbqc3bIaw8Q3nz8vZ%2B9laqKS8wnbWrZZc9ianogfYj03ipN5fwi9OIwIqqVqhnYv2uKLJRagruBghS1ldiodz9yvmlcUClPrb%2BAXZwYpLhXxGRzZILWzfWmIslYuUpmhiUnFQkMldOMfP%2BxTKQYQShT%2B7OZJOuIz3k5n%2FKAw%2FIlEQdtDzXYYMVeBZzI%2BYkPD7IgLtvAt4niwelIOCH%2Bt%2BeDZOUHZcuYgBPlFd0nH6p%2FQB3i3w%3D%3D
121,https://storage.googleapis.com/sentimentanalysis-7ba59.firebasestorage.app/Women/pix11.png?GoogleAccessId=firebase-adminsdk-8wait%40sentimentanalysis-7ba59.iam.gserviceaccount.com&Expires=16730303400&Signature=lOZqxJlDCGG51CtAs5ZXXCSf59Kg64Zcs2uWN8qFtjaffnJeAIG1Y7rO7pugARoWZvxbaU1DqNAcRPd3AF9FqUU0UWh9VB1%2FWBgQ%2FmbQiYn8awreYHQDXtGPLIkNHZnqB%2BfXYkIvHv5%2F2WxnMPs%2FOqoE%2Fh6PNd1zAc%2F6tQnIR4QO9E2d7xwNijAEDSWfbYT59jODrFJm1hiLp8GRfBIORdN2zBP4n8K8N5YXLBzGjjMpHRKQocqvzjTIGPGJb69MqGM8UNAusPIyF%2BQqybGO1m4nq52WZfXsiEfd%2FVXg7vO9dAJhyxC8pTIkoiULKraHLVWx4QXHzgItOusF3YIWXQ%3D%3D
122,https://storage.googleapis.com/sentimentanalysis-7ba59.firebasestorage.app/Women/pix12.png?GoogleAccessId=firebase-adminsdk-8wait%40sentimentanalysis-7ba59.iam.gserviceaccount.com&Expires=16730303400&Signature=TWPtrwor0f6n9V%2BVYa6E%2BFk4dtgag8tY%2FfDah5MiQgo9N0qtUSVzIKoG4MtbJh2zc3nHiKS9P6fIbX08dlxJc1uVRszuUr1UCeTTSs55JVat7jE9VUqv18xb9t8IkdYOt5B4m0EpwH43tV0CrfID7PPZizz7Dwn2QKEiTvnE83McvN8E4D5Qj9WyyxLiv826Af4G5ai1PdsG64BTL7a2Wp2EEfJfeAVIQk4626nHU87Q3B1uMA5Jnkdl7nSlYy9M112JmSMlcUnUSPrlXr3O%2BOL7AzEstoAuc7mdCl61bgjJozFt4Meivc6vSy6nUqVJ%2B1MNMyavLAV6xI97c2YGgQ%3D%3D
123,https://storage.googleapis.com/sentimentanalysis-7ba59.firebasestorage.app/Women/pix13.png?GoogleAccessId=firebase-adminsdk-8wait%40sentimentanalysis-7ba59.iam.gserviceaccount.com&Expires=16730303400&Signature=qugOoJ8ZNyqT43mM%2BLnkNYDKFLJ%2FPV3VaPSR19XbQLZvh%2FDSm6K%2BZIF2ioWy4DZsby5NUQPUY0%2BCRjBI5ljIJFMMttieY7bltTcbkqZsjkQf4uPpUwh9c3kdcDXjWP1yl1gN66Nz%2BLw5yE14f9lETiVs63wj4Hq32rURHy7B5Z3dnbZt65shPJVT6l4riVe7%2Ba5csJETtPFkFzmESo3JyHJflG%2FG7OsrlRFA%2FS6il9KxUVRHDBIHRUgCgoRm56%2Borr6RoYC%2F83yxb0I7BI1XX88hNULkBIoXJ4%2Bw3dxhxXgWN%2FUrcKG1Fcoufk1yKket60NPb7WdPBjeyQ3%2F3M2igQ%3D%3D
124,https://storage.googleapis.com/sentimentanalysis-7ba59.firebasestorage.app/Women/pix14.png?GoogleAccessId=firebase-adminsdk-8wait%40sentimentanalysis-7ba59.iam.gserviceaccount.com&Expires=16730303400&Signature=PPvEYcMNgkJb%2Bl9u4Xx%2FXvxw53PtgL2khn80%2FkDDAaF%2FcoP2i64MS6nJlsoD6WPRAVWHtyIOXousQVIu3H4r%2BZfpiuYiX4bg9PNERcNqs3%2B45h3weI1iliXDFHonmNl6gVZt7dtDW5Dar%2F5Eup5l59pcgJMXLuQq5wTfmJqx1ZoBoEIVa3OcRtYcL4ufwt%2BO%2FSuFHbJX6R6EJSbFcO5WFq67%2BV3nMoMr21khe%2B0E4LNVYrr3uW2lLILaKrvtGYNkHfWLsStap7MUF%2FXIA8zBux8rSDaKPLUdnKHMcYACLO%2BUEp%2FMunlfKaebx58a08Gg19ng1pH5P02HffdofhKZPA%3D%3D
125,https://storage.googleapis.com/sentimentanalysis-7ba59.firebasestorage.app/Women/pix15.png?GoogleAccessId=firebase-adminsdk-8wait%40sentimentanalysis-7ba59.iam.gserviceaccount.com&Expires=16730303400&Signature=c6k0SDLFo6e0t9TDXOzlpoEOG3oZZRQ%2BRieZZmXD%2FH%2FdYB0Wv8qkdO%2Br6NGAIrmiktPXt3LZWvAFA1XyVgAdAyvmrSD7Ef0NLklx%2FK%2Bd4WrR0gVZR14mK0T96M%2F4Rzqw8abws%2FnYQJNVgNwIRbEorMSrzlg%2FBHuWSNtp8Kpyehd%2BGDN3xL%2Bxr1JFac%2FpdX1aREIWSjAxbNH7mvX2B7bIkIRHgIijU0a2KbItczeI%2FikqRCoEmWkU90EsW7h0iNzx%2BZKpoD9LwCOq9NftxfPvlp9w6qLoq4zmMsfQynLIRZbAhFrDlh%2FqTrJ51FvqiYE8K4jU%2F6cuvmusLbFP6zibJA%3D%3D
126,https://storage.googleapis.com/sentimentanalysis-7ba59.firebasestorage.app/Women/pix16.png?GoogleAccessId=firebase-adminsdk-8wait%40sentimentanalysis-7ba59.iam.gserviceaccount.com&Expires=16730303400&Signature=PtmYdJg5dhfscmTxqbDG2RWUOncrv0qcm%2B96nPY8ZeD8sI1azFxTFbBT0GwFQzkC6H7boknr6r7Qo5%2FPWKtSiNOcyLLCXDox5oQ5b1%2Bny%2BB7ChMvMclYc9NLZn7Bk3WcF2o8dvAO54bv2Wu4Ov5i2PzCmEvjlkVVeMPyCHIXIpSRLvLsCCQOhHzkjmpQ8sLVGIBPkSK3KwlKJNVNsyrk0di5fBt4FrMoeTLLx1tcM6HSWjxMJvcsPvcgzLP1Evrtflxgl0W2jvIg3%2BlPIs7K8ptKXn5Px8KRdM6dA%2BVGQTKeHrLP3hfj%2B0ebLZbuJDxIYAUuM3JdY8AMAH3z4siN2g%3D%3D
127,https://storage.googleapis.com/sentimentanalysis-7ba59.firebasestorage.app/Women/pix17.png?GoogleAccessId=firebase-adminsdk-8wait%40sentimentanalysis-7ba59.iam.gserviceaccount.com&Expires=16730303400&Signature=Rn38vq9YGsIJAdKps12ZdvxUT%2BBYIBj9AwE70hh7Rx4WYsJ0ocn5IWwUvZkGutAqg8NrwuVmMhRahSV3tDjKumDReEFFwkg8mWjep6OgsdHqoUEMxwKejm9X3KcOXOdjg46u%2FbldgFPG4F50qBPdGtgc9yui8%2BInr%2BNsOc15Zxiz7bTXlUF0kSJ5j4zegL2X12cVKlK56sE%2BaEMGf0mOnSz4lA0YP7HUw1j7llI9uLgOjiaeN2Mz8MrxEPJBo577pVkuDN2I61blG9m3PoVbsX0KW78w9pt%2Fl7Ps%2FAdj4RFgsbPJ1VpjxJfRGDxSlALC2rFaBkVePjPgV8Rppb1zpQ%3D%3D
128,https://storage.googleapis.com/sentimentanalysis-7ba59.firebasestorage.app/Women/pix18.png?GoogleAccessId=firebase-adminsdk-8wait%40sentimentanalysis-7ba59.iam.gserviceaccount.com&Expires=16730303400&Signature=N2PMjMwWsdbGi3VwKditIrbxaklYJHozEwEruLHeNAOaoum6q7eQXVN16loLKGYSGVRHY786nhFGspemcYy6waB9TlGlXNQtWdPHw0ma7IY3cggmqgyr0VyLpl%2BLsoqcMpmOqzK%2FnhQFE%2FDAYpY6uAOMSx1TNcugSMyGVzv2s1YuvZz7KJCuJZE9fEdL%2Ff08qQlsigHmm%2Fwf4oNAsBNXKQsySOkyiKyHl%2BJaD7Cq0mZlwpCR79bpXIffGgYQ9L4BbttHX4w7oRdD1zPXN%2FA%2FJ%2BaYbZjKZ9g%2FTVVHJ5idpDg3FJIkhjOSxnMWktDsx9MYyMAppdA2vTe3kaYE%2BJx6Sg%3D%3D
129,https://storage.googleapis.com/sentimentanalysis-7ba59.firebasestorage.app/Women/pix19.png?GoogleAccessId=firebase-adminsdk-8wait%40sentimentanalysis-7ba59.iam.gserviceaccount.com&Expires=16730303400&Signature=aJoCHotzXQsunhJXUkRxUt46fV%2BRZsaaNKE%2BUXzefcigLyqs7ErGpHGrdbe6JEwfEt7CNrYR%2BzSxCtXCVk%2Fq40biVPTi76pcuLOnJNM6TYFy5%2B7MPxpOL76QRKDzUjDzMGAbMRTILvhAESntkwebgXtbTaybBT8u0R4xFxYjYeMZHItCvsf14llBWt75LkhXon74VEj%2FdKLS8YfVtg%2BY893LJYN9hTkBpSDcs7eGTojKWfH3%2B1%2FDJgwh%2FLwmkXMdSusUfiGjNoWSeR%2B5czmkKipWgCwV%2F7G9QTdRH6ShxJ5%2Fp8aL02uhHKw46mjuHvRNLTGLOOM1J8shemH0FhrMEw%3D%3D
130,https://storage.googleapis.com/sentimentanalysis-7ba59.firebasestorage.app/Women/pix20.png?GoogleAccessId=firebase-adminsdk-8wait%40sentimentanalysis-7ba59.iam.gserviceaccount.com&Expires=16730303400&Signature=aGy1AQmRMsES9GfEnun2y4xNSMT08tXgcnh2Fm6WxJQEG9JAeOtIjcZAbV9TAAC6IPDQMQkBalnn7mpTVusEq3ZAanOn4qEn0FlrtSTdKYngh%2FYtAcm3a2iukoBxijKTny4kTOL5OrcoPCwBNXIYlpIQOALZ8swHCpzzemWiMhWrW2Q7uecN%2B4lsUWOCi9MjYwHfBmVhrEkUpQVHALQ4yHtlfZKQ2%2Bi4b%2FtxEgzQc%2FpIisXW6xkTg%2BsJjjJ4Y331ro%2BtMb6LsVrqPYehv5bNHE157or70DjRbsNApDcTqrugHxuaMteoc6Bt7wDe1fqnLnYyDdvRpjEtFIBAbffBWg%3D%3D
131,https://storage.googleapis.com/sentimentanalysis-7ba59.firebasestorage.app/Women/pix21.jpg?GoogleAccessId=firebase-adminsdk-8wait%40sentimentanalysis-7ba59.iam.gserviceaccount.com&Expires=16730303400&Signature=pTNkehKxXbAILIp%2FusNppLzr3gtPS4ZMIan1QXu1QDB9xEQjzCvFuz6XUcHpWQJ1VXfg0XI6PdXJjm%2B919SAcdlvbjGRtKyL7IDqX7HGJapGYHUkXUoWA77SRvvpJdZUPOklwFc2CHqHfecwZL4ZPrXz%2Bciq9Lr6C4PKpcpJT6gBJiPDUAhxmb%2B2tJ0Swggx9pAg9zub0nLuSUBjht7Z0XWnimZwFujvRNyyiADxB%2FQ94g4D0eXyBXI7AA5Yhbq3nLOfPb%2BaYRsVU7uAjGKQLl2QJgbxSuavftOU3IWmVtqKmZoxQhbe%2Fa43dvW7raLabV1gwdUgvULSRDfiNJs5mQ%3D%3D
132,https://storage.googleapis.com/sentimentanalysis-7ba59.firebasestorage.app/Women/pix22.jpg?GoogleAccessId=firebase-adminsdk-8wait%40sentimentanalysis-7ba59.iam.gserviceaccount.com&Expires=16730303400&Signature=gEuqcNoXPlFLlhdAJ0iag9Xew86hOj1GwXZy0VAaOaPjpGgfO3jfEhxwkdojx5vWKscyMSgSVc84SkYtMBuywxg6b%2B0HB7Bcbfu8%2BN6tzPqZoea%2FL38eMlK5BCtz9dboKQxbTU2YCDj5N49K2OAsQllrpQ0K%2FPaU7BFU0X9zQdOeB6w9v9H63bctdPknVnajRUD8890OxckUeaZazqK8nAE0%2Bm7jNvUnDLa61oYlxKjHAp7RlVUfRTLZRhd0YkwzLgIdLd%2FPHEU0q8KLD5hL%2FYywsgxO0of9ouAjoBqzmXvF9OAaB4CESKb6v1B0wMJML%2FxqUF2A2ub7951bFBqCHw%3D%3D
133,https://storage.googleapis.com/sentimentanalysis-7ba59.firebasestorage.app/Women/pix23.jpg?GoogleAccessId=firebase-adminsdk-8wait%40sentimentanalysis-7ba59.iam.gserviceaccount.com&Expires=16730303400&Signature=rbDlDwNyUM%2BzVe%2B0dsPYb6AV66KQ37PrOT9RF%2FNOEQ87v8L8mxX%2BvyDqUZzqzoH%2F5sVIQBHjHoxfoTyyfKPkxXrNNxUdtaookbHMkZzMQRfaAK3Cibi8gj7gt0leNI%2BAe6R67Sq5qhVzoBwTer%2BBC1DBHIwhUhlXlVx9IrCCGONf8YNUBrcKeLM86tPkFyfVtcax2SxAwkSazyKS5%2BFY7XBqpm3aWOPkTZSWl8rSDca73H%2BUY4Vufc19mcVeF4VUoNPfb7gWxv9teP%2F3IXurxaBnp%2B4MaHFyx5TWxucrwUs1gYg0cHIjNK9dk%2BeSQspseGm49kZd23pm6FMQd8qozg%3D%3D
134,https://storage.googleapis.com/sentimentanalysis-7ba59.firebasestorage.app/Women/pix24.jpg?GoogleAccessId=firebase-adminsdk-8wait%40sentimentanalysis-7ba59.iam.gserviceaccount.com&Expires=16730303400&Signature=QrXqgzANH7lE%2FYQG5lJm4%2FBFDP%2BMK1Ih8ukqsDe7PKbcIHg%2BX42AF8BnYijWSGaChfJkSkdz01mRp6L7TolUNzROcZRx6u1TcoDGNl4DqPXY5G5Ui%2FPP1tTaVqVppZMQiRZKnp9g6zxzZNsR8HhaQVFTG%2BsaHmf3lQb4jAPDkta7LM%2FFTCQ1qvbN4u4fj3Bc6TJcAjMZO8G9HOk4Q8kf4%2BFvTYyry51SeIrbqlmXMUBNWU2qukn%2F5SpimEsxbyv7DQRNDzpA2z2K%2FiaNt79CAF3xAqo8y5qx2T4X4oebnSKbK0799sTYo2qDZnOUCVodffj7fXhcR0gIdMgJoYyv6g%3D%3D
135,https://storage.googleapis.com/sentimentanalysis-7ba59.firebasestorage.app/Women/pix25.jpg?GoogleAccessId=firebase-adminsdk-8wait%40sentimentanalysis-7ba59.iam.gserviceaccount.com&Expires=16730303400&Signature=cbMA4G5vWo3d1rk6ZPnVlIxB5WanzhezytP3G7U5xo7tJzWkkUQC%2B0BbAuEaWh95eBhDeynr39FyLybA513tAkjuuQtzFx7X7Nu3uaUpmb3Kld8Ov4gsF7bot4LiU%2BW7E2reTnIiikBgf2ICyPSxOc7lRCaGqfJLqCxFWa1EYeZLRyjW%2FySZ3UOHHWU4GxKdfKcRbejhof%2FJQNUg9XSSU5TkBpDbzkHcA%2F8FNXDUk4ZR35YMjGk%2B84MQoGzn9m90sp7ZG0BQXgIauznOdQ08Np%2FstZR0VloExpHXb3tlXCDCRMvQiIxBRAzzx%2BFqzI3euKWG4IAj6ImIbV9A8kkX7A%3D%3D
136,https://storage.googleapis.com/sentimentanalysis-7ba59.firebasestorage.app/Women/pix26.jpg?GoogleAccessId=firebase-adminsdk-8wait%40sentimentanalysis-7ba59.iam.gserviceaccount.com&Expires=16730303400&Signature=p6kjLPQhVCSNGl9F2AXcXUEkpd0zcyQwwFL8%2FUfuU9%2BFmPCZe9cSxXLC35jc7NBwxhfgwPHAMSVxJfWVV4NjQqy0xQyEj08jFuiw%2BeCoWFFXEKZAv00HUiEsY%2FfrG3Qz%2BmOKxdMffTJYuXBOiffZjD2caonGUCAhNstXw%2Fux47GL17yBJo3UdTpZyjeZ21m2jExtbUlm1MDUYc7lojH3EWC66IjV%2FSOyaRfrzmwOOx6iWK1r%2Fbb%2BZesjAuTwsJy%2FyKz%2BRvvSr6b3hhQMGdxoLUhc0smtzZ3O7SH4suFEd987vjp%2FrV0M5%2B8itsDyD9R7unZq7RwKK3ek34QzgOtnBA%3D%3D
137,https://storage.googleapis.com/sentimentanalysis-7ba59.firebasestorage.app/Women/pix27.jpg?GoogleAccessId=firebase-adminsdk-8wait%40sentimentanalysis-7ba59.iam.gserviceaccount.com&Expires=16730303400&Signature=D1xfNqYkqukim%2Fsr2UopGt%2FViX5DvmyU0Pl9xwRl7UdTPKqhlPrnpm5y%2BQZ8ntf5ySYAlC1qG4CTqMkKm9rs%2FdArEXc88DmXYBF6KTCLhHm22Mq3CxsyvYEilzX6Ai9J%2BAw%2BJwRWzxO0fu4hzV4AUqueHgBymiA%2B98gEAm5bRwCOfas0sDHe%2Bn80GR0hhilrzr5trrBjtRti14J7isTSt%2F0eliHcf9qFfRytJMO8qnAeKaX8o2PFo%2BG3SDy6TN1hJmaalTpC9qmx3kenPF534Mgv8relUAMRVkBUsJTH2oUOPW%2BPKWh9tzOCCbEr2C8NOjz2qkDIZq9tkZvRYaO1yg%3D%3D
138,https://storage.googleapis.com/sentimentanalysis-7ba59.firebasestorage.app/Women/pix28.jpg?GoogleAccessId=firebase-adminsdk-8wait%40sentimentanalysis-7ba59.iam.gserviceaccount.com&Expires=16730303400&Signature=sf%2F8wTREH%2BlqiBjkYtpSfpNd7V16lJcyiEJCcHgUnZBvPcjnk5XoBEDELZ6LO02CCXUfUWUVGS8lMdygCVXKKh0LJ8CByj0VMEEpGEg3MZguwvZl0%2BRQDGE0noU0XSsN%2FqweeIka67d5Z2LTbKu%2BYl4V5TqtMJ%2FJ8Hf6%2Bg8tFS62EYSl%2FkAWlNjgGP4oxdjJlA34xRSOu7abDfT7bT7IyJh7risotaxWqNgJkBpmMCldMMev%2BtyMwEHtV1sH4cWMgJJeJjuiJpjQvv9fEb9Qp5MxbItqB8TLpps%2F8wXpgEkNp1xWPlFRFgSTMbEjZCbgf21WFSJJY3W8MgDaimAtMg%3D%3D
139,https://storage.googleapis.com/sentimentanalysis-7ba59.firebasestorage.app/Women/pix29.jpg?GoogleAccessId=firebase-adminsdk-8wait%40sentimentanalysis-7ba59.iam.gserviceaccount.com&Expires=16730303400&Signature=KmYGgQZD2ksj3ptXrfmZH%2Fh1lzLI3N7PcNEoM8cM5U%2FkJTHzgIiD16jWO94UjSSM2EdO4bxzltIX7w56LurnO%2FEyHuSzgnnpqzClZFarmwOIs2fT3r67Kue7YZObcTeFTotbQZvje32FFBL59irvcUKT4c1rHaBwAHZqiZUhIo9KeWTgzjAIdY%2FySofrkO1MJRSZ5EuZyKWKdJOrtNaDFsgA2%2BXmzWxycZwnGSNlO7BaEUmV2cOvXumz8paKbApfXg82U84Krd%2B24eOb85t9GTGMwJTT%2B9FUXdCT7uS0xiFSkhQdKBqiLKf1Pmy6mj7OjhXbl7XP3jr2uD4XFfQy9w%3D%3D
140,https://storage.googleapis.com/sentimentanalysis-7ba59.firebasestorage.app/Women/pix30.jpg?GoogleAccessId=firebase-adminsdk-8wait%40sentimentanalysis-7ba59.iam.gserviceaccount.com&Expires=16730303400&Signature=UfE87sHL2gOhkf81BQ9o4eVfzMq7ZB2RvYuPyhmk%2Bi1mqeqmtYXQ2vbe1wIgCJ4bdGG8q0vnCEjktRJAiZJSei4fkWtJAPK%2F25ZMF%2FMQUWxONhFXY2c7td16maMBspLrCU%2B9lTywh74%2BqSg1QEVGinvRbSRgkUVehucgBUQnVi9AyMOwxuueAntlzJ7vNtMmLojay2Y3LSj9bBzCwj5r12Vhg7OoFyzN%2F4m5TC0CJotGh57W%2FgOX%2F1kXMR%2FE%2BH0iPaKe2IXco1kM293tQxYNJXnAko7X2rAgLnrOKXK9yNx%2F4f6duse0LurIM4L%2BQeA%2BHRxHWZ9EdJdo7LKf2ajMWw%3D%3D
141,https://storage.googleapis.com/sentimentanalysis-7ba59.firebasestorage.app/Women/pix31.jpg?GoogleAccessId=firebase-adminsdk-8wait%40sentimentanalysis-7ba59.iam.gserviceaccount.com&Expires=16730303400&Signature=cyr4gsWDG%2FiOjqB5TcbwFLpoQat3oZyBRIFwmvpJ8iemPYyIW7TH8NvR%2B2WwRKv6YzDsNZh9dADYgVWhBTjjvKon1nWpPlC9XLYDUG5yAvtibHfUjcvtU61iu0hcns%2BGWu4SOYQ%2BQv05FRwwoKkXfGTp889SnYiLBCH2EW7ntizHBsIz59%2FFEA1dx2GQajV7gQkdExF9DDpYqr3pcE1W%2FX1mpxmLbu%2Fq6X3Za7CwSzdNKwzcUizjAuCCvlYyNh90egts%2FXYFsTxvv%2B7P1hUqRCQPvLtCapjCz81btvJVNykuEXyjR8wwpaxsW0O7fN5peGvRpJIJ63uwEykSYRPRnQ%3D%3D
142,https://storage.googleapis.com/sentimentanalysis-7ba59.firebasestorage.app/Women/pix32.jpg?GoogleAccessId=firebase-adminsdk-8wait%40sentimentanalysis-7ba59.iam.gserviceaccount.com&Expires=16730303400&Signature=EDNQonIj%2Bnx%2FL02gpaJU1Z%2BKgbUJlM9OPQilDduREb2NZs7ADLWrvjzpU5ydF8W6K7ctYhC3ixzQUT6AiLXOHL7M5jU1BhH5v%2F0f1cwpFzlkEMZYsk7x0ByXluI6yIsiXDjRnIi0GnGRx4lWisjDHnFD%2FcxRUM9p66R2w8ZPvjeY1blEagoIpplPqwRHghgOhzGEnez7ygUQH%2BTV85%2F0R6TFyz%2F27UZRVWv9aZejj0E9T%2FffVIYPNuJ7BP%2BDa9hVTyldGJw7vwJWBVYgKJvo%2FBG0a8Ubkt%2FNwSaxu5dwyrJgKlz%2FQvwhD%2FD%2BpvlYk3fuLD%2FZwjlJVe9lY884Hav1og%3D%3D
143,https://storage.googleapis.com/sentimentanalysis-7ba59.firebasestorage.app/Women/pix33.jpg?GoogleAccessId=firebase-adminsdk-8wait%40sentimentanalysis-7ba59.iam.gserviceaccount.com&Expires=16730303400&Signature=W7zu6xuFllbIm8q5aQVmClhD4h%2FaIdGAjex8VJYKg4UvUCwJJVJEahdRRnSMdGYBiLBsIv3XA1dOZ3zG55kGc%2FWFsq2XlD4gx3RdxYpW5sIXLu5sR2N02cDInP2sjymWKBOfhBaGhhW3pyZ11wsY%2BjQ2LMe%2BsJTrr5h%2Fb5kPIoGa7eTOWngyOA%2FZcaOMccpOzvNV0ONKBYr522h06xXudc97NJyh64LqUPHneqpq8dKPYdNp6ti6vmJluiTsdydqjo7xpcQG02KbHWo%2BF50L4KZ3kSDrmLjH4xEwgMOqggDon3kVeOS9gOqyNXCoHRbUxvwqSC6IuVtSp4%2Fs9VY67A%3D%3D
144,https://storage.googleapis.com/sentimentanalysis-7ba59.firebasestorage.app/Women/pix34.jpg?GoogleAccessId=firebase-adminsdk-8wait%40sentimentanalysis-7ba59.iam.gserviceaccount.com&Expires=16730303400&Signature=H61TXUCsnQsjAISjMBV2rFbKUnpZyjo70RABMrNZOKPiKMXatftUCCR%2Bg8UFP6%2FnS1%2FSpI6ygILOfFludnQoenNQaqnjdLV%2BDYV6IATm1YdglH8Gd%2BMePlMJoEAKRJK%2FI4NDbmGfiduYHsc4sWjlVZfl3TUm%2FpdClxpVg5d8Pp84IUnj0ujyrc4p%2F3B3YqnMdAVERW8bpNibtrxBY4Vb5bHsA83DQFKiJEmyBM9%2BuwHwi9d0qSDLytSbzZ2xvMlDqTuIwubChSMuYTCQ7oD6%2BH5Xx4aTxgbfyF6NhyVDedZg0y6%2F2hVRbJQYgmcvbzb86N5qvxR1UPimXRQLKQjWSw%3D%3D
145,https://storage.googleapis.com/sentimentanalysis-7ba59.firebasestorage.app/Women/pix35.jpg?GoogleAccessId=firebase-adminsdk-8wait%40sentimentanalysis-7ba59.iam.gserviceaccount.com&Expires=16730303400&Signature=iBQG366n1AnaPYXoWmmqlvA8daotne7eDrOFRkNXwm8MkuGYCrWpfPFkX3xtXMsuX%2FA3vNiRdMS1irOLvzc%2BcUesLZBjzQq6GYI3LThCshTnXk7HC0cda6%2FGrr8dLIEEnzIBTMatkI9%2FytVve9%2FEt%2FJxwe61bVQ9nK%2F7edpk%2BhbA0jk8Oc%2BSykcsej8GzbQzfybp4C8y79WTGl5rqw1Rj%2BnYKSSK%2BKCm2dbVNxLl%2F258yLjKBYlf2MS4JlRM6qzvSzlYcTvgcAs6LXTVW%2FwxPIwixFexHVNXK35IGLwRhK0H3ziqBsWA9ZZuGmcgeBIkxP6yqL%2FRo%2BQgsBnqYOMmJg%3D%3D
146,https://storage.googleapis.com/sentimentanalysis-7ba59.firebasestorage.app/Women/pix35.jpg?GoogleAccessId=firebase-adminsdk-8wait%40sentimentanalysis-7ba59.iam.gserviceaccount.com&Expires=16730303400&Signature=iBQG366n1AnaPYXoWmmqlvA8daotne7eDrOFRkNXwm8MkuGYCrWpfPFkX3xtXMsuX%2FA3vNiRdMS1irOLvzc%2BcUesLZBjzQq6GYI3LThCshTnXk7HC0cda6%2FGrr8dLIEEnzIBTMatkI9%2FytVve9%2FEt%2FJxwe61bVQ9nK%2F7edpk%2BhbA0jk8Oc%2BSykcsej8GzbQzfybp4C8y79WTGl5rqw1Rj%2BnYKSSK%2BKCm2dbVNxLl%2F258yLjKBYlf2MS4JlRM6qzvSzlYcTvgcAs6LXTVW%2FwxPIwixFexHVNXK35IGLwRhK0H3ziqBsWA9ZZuGmcgeBIkxP6yqL%2FRo%2BQgsBnqYOMmJg%3D%3D
147,https://storage.googleapis.com/sentimentanalysis-7ba59.firebasestorage.app/Women/pix37.jpg?GoogleAccessId=firebase-adminsdk-8wait%40sentimentanalysis-7ba59.iam.gserviceaccount.com&Expires=16730303400&Signature=JpUY3aAdjAD9uIQbK6yaMGLpT0L23PNAM8hX35q6WXdXOXvg1N05eLMSuyD2faeemJPbTjDFdWHHpTKKzOTSz4zxNKfD2AFIbx4VdUoG5BNZW3z05%2FFR%2BTolOR3uMOeZgl8n9HHha8W1z6HS9m5ZH7tmvN1PwQSiPDYNLp0fClSaXX6bH%2FgbLcpBZTMVGfiSY86%2BCkQsEIarZd8ObgR2j7Ttxs4Dg5yVqlq7Hbnl6D13M%2FblC0to%2BDCIDu0n%2BNxfKamLjsQbXo7M5Nnu%2BaYp0V1A0SRG3urdtM8CkaqUOyKOJ2w3qGFM%2BumPzodI65zouYKG18iq3F%2BearnBWDjB3A%3D%3D
148,https://storage.googleapis.com/sentimentanalysis-7ba59.firebasestorage.app/Women/pix38.jpg?GoogleAccessId=firebase-adminsdk-8wait%40sentimentanalysis-7ba59.iam.gserviceaccount.com&Expires=16730303400&Signature=Ja0QZc0XPyzCFSBKFhdm9B35BA0IYbUDLC3T9lsDud7pFZlTDMDLGkys%2BLLMCnH0kX1uDxTD7P9yvZFMSWk6m6FycB9wHtiXqfssTEeTq745rNI24BPOvIZTadOWZRKIraI0HkmN3yfh0uIe%2FywJt49lqX%2BHmyA0fyjiNhH4AK3sNENg8g8mcBzuL24boFJ1PHQX%2FNLMFDgFr76TLGplrdQXcZ4L%2BY4rT%2BDwAYZ2uRdJ7jBv6RlpVzghjNsUUz5S2GJGO3XJF21%2FI1L9oya%2BIrwwzzvF%2B53U3HfyLAZUXqoTmyYAEuVMZ8Cjb6ezMu9nGv%2BsgiF7XaanJj4vswzFig%3D%3D
149,https://storage.googleapis.com/sentimentanalysis-7ba59.firebasestorage.app/Women/pix39.jpg?GoogleAccessId=firebase-adminsdk-8wait%40sentimentanalysis-7ba59.iam.gserviceaccount.com&Expires=16730303400&Signature=EMBu9nBAr8Uc0Itl6JwiJFKN%2FMJnQMIXQrvYnTBxUUhkfXztnWTiYVsGhJdqyjvsNoNSTtLY9sbkl8IAeQ0Wt23bflT3zidTP3P49ar6S5%2F206S823dfNMKQmKprDUzZLd4ABUW2MEt5g3SMPBHx1B1o14kiAaHP1h1OyOnWuX6aG4Cdi5U1gYXD569VVvAUJNjEUTinJBW8mN4e88NEb9AoUoWfZ1i94qXrtHL4cjyLNmwbx%2F7%2Fi1Wo90kBw2cdsIXK4UAbSl%2FZKHkXNN%2BYu9kJDJRsQddQ5pXf9NNIR4nHVX0cm%2BWVSDLYh8kBwhEdlJazIRkKRQ9Pkt8GR4aQLg%3D%3D
150,https://storage.googleapis.com/sentimentanalysis-7ba59.firebasestorage.app/Women/pix40.jpg?GoogleAccessId=firebase-adminsdk-8wait%40sentimentanalysis-7ba59.iam.gserviceaccount.com&Expires=16730303400&Signature=HkF%2Bw0fZEnxNRAFG%2Bvu0YMSCcIVWieXetqvvdhbYuWKXu%2BGU9M3DyYqqYMD8ea94zEm13Bow3qTQqLFt9x%2FhTocqSUs6qLG3HYpIgUpTQF9K2YyKiO4%2Bl1HP6RVIBr17le5KlmuBMBG0wbISEAKzXya%2FKLZsiRejfzhIml3SbnEqWYQPVUOZeKtUGlJX6oiM82Y%2BjdXbYYRPL24KAYCiEi%2B8ox45rKWk%2BlA1TxFWwgu4hE6Ory1ARStm7RvDdIriqxTQy74NqD46hrmrSRU32kPW9op%2B%2BfZ8esDe9W6FvNXtDhntm%2Btz5HWXbfu8Bo53Nid4fofNnjr24nZKjcZY5A%3D%3D
